A,B,lat,long,airport,city,country,altitude
0.39714970000000005,2.1136286,22.755,121.102,FENGNIN,FENGNIN,TAIWAN,44.0
0.39714970000000005,2.1136286,22.755,121.102,FENGNIN,FENGNIN,TAIWAN,44.0
0.39714970000000005,2.1136286,22.755,121.102,FENGNIN,FENGNIN,TAIWAN,44.0
0.39714970000000005,2.1136286,22.755,121.102,FENGNIN,FENGNIN,TAIWAN,44.0
0.39714970000000005,2.1136286,22.755,121.102,FENGNIN,FENGNIN,TAIWAN,44.0
0.39714970000000005,2.1136286,22.755,121.102,FENGNIN,FENGNIN,TAIWAN,44.0
0.39714970000000005,2.1136286,22.755,121.102,FENGNIN,FENGNIN,TAIWAN,44.0
0.39714970000000005,2.1136286,22.755,121.102,FENGNIN,FENGNIN,TAIWAN,44.0
0.9675616,-0.09924619999999999,55.4372,-5.6864,ISLAY,ISLAY,UK,17.0
0.0618409,-1.3331104,3.5432,-76.3816,ALFONSO BONILLA ARAGON INTERNATIONAL,CALI,COLOMBIA,964.0
0.7199151999999999,-0.15151879999999998,41.2481,-8.6814,PORTO,PORTO,ACORES,70.0
0.7594434,0.7616024,43.5129,43.6366,MINERALNYYE VODY,MINERALNYE VODY,RUSSIA,321.0
0.9308469000000001,-0.049737,53.3336,-2.8497,LIVERPOOL,LIVERPOOL,ENGLAND,25.0
0.5051943,-0.23745549999999999,28.9455,-13.6052,LANZAROTE,LANZEROTE,CANARY ISLANDS,15.0
0.7451979000000001,0.4086066,42.6967,23.4114,SOFIA,SOFIA,BULGARIA,531.0
-0.3880844,1.9912286,-22.2356,114.089,LEARMONTH,LEARMONTH,AUSTRALIA,6.0
0.13204079999999999,-1.2572497,7.5654,-72.0351,MAYOR BUENAVENTURA VIVAS,SANTO DOMINGO,VENEZUELA,331.0
0.7151818,0.5029096,40.9769,28.8146,ATATURK,ISTANBUL,TURKEY,50.0
1.0676947,-2.6179241,61.1744,-149.996,TED STEVENS ANCHORAGE INTERNATIONAL,ANCHORAGE,USA,47.0
0.8979735999999999,0.09380319999999999,51.4501,5.3745,EINDHOVEN,EINDHOVEN,NETHERLANDS,23.0
0.6366123,-1.4382805,36.4752,-82.4074,HICKORY RGNL,HICKORY,USA,363.0
0.6903074,0.047801300000000005,39.5517,2.7388,PALMA DE MALLORCA,PALMA DE MALLORCA,SPAIN,10.0
-0.3880844,1.9912286,-22.2356,114.089,LEARMONTH,LEARMONTH,AUSTRALIA,6.0
0.10573199999999999,2.1833370999999997,6.058,125.096,TAMBLER,ROMBLON,PHILIPPINES,152.0
0.7135953,0.24942150000000002,40.886,14.2908,CAPODICHINO,NAPLES,ITALY,91.0
0.9000906999999999,0.0121397,51.5714,0.6956,SOUTHEND,SOUTHEND,ENGLAND,15.0
0.8951707,0.1181026,51.2895,6.7668,DUSSELDORF,DUESSELDORF,GERMANY,45.0
-0.4790929,-1.0307234,-27.45,-59.0561,RESISTENCIA,RESISTENCIA,ARGENTINA,54.0
1.113377,0.35400170000000003,63.7918,20.2828,UMEA,UMEA,SWEDEN,8.0
0.39714970000000005,2.1136286,22.755,121.102,FENGNIN,FENGNIN,TAIWAN,44.0
0.39714970000000005,2.1136286,22.755,121.102,FENGNIN,FENGNIN,TAIWAN,44.0
0.39714970000000005,2.1136286,22.755,121.102,FENGNIN,FENGNIN,TAIWAN,44.0
0.39714970000000005,2.1136286,22.755,121.102,FENGNIN,FENGNIN,TAIWAN,44.0
0.39714970000000005,2.1136286,22.755,121.102,FENGNIN,FENGNIN,TAIWAN,44.0
0.39714970000000005,2.1136286,22.755,121.102,FENGNIN,FENGNIN,TAIWAN,44.0
0.39714970000000005,2.1136286,22.755,121.102,FENGNIN,FENGNIN,TAIWAN,44.0
0.39714970000000005,2.1136286,22.755,121.102,FENGNIN,FENGNIN,TAIWAN,44.0
-0.06590850000000001,-0.6725207,-3.7763,-38.5326,PINTO MARTINS INTERNATIONAL,FORTALEZA,BRAZIL,25.0
1.1953987,0.29108779999999995,68.4913,16.6781,EVENES,EVENES,NORWAY,26.0
0.6353941,0.49019670000000004,36.4054,28.0862,DIAGORAS,RHODOS,GREECE,6.0
0.547269,-1.9813968000000002,31.3562,-113.5257,PUNTA PENASCO,PUNTA PENASCO,MEXICO,10.0
0.1285898,2.3482359,7.3677,134.544,BABELTHUAP,BABELTHUAP,PALAU ISLAND,54.0
0.7262367,0.7260517,41.6103,41.5997,SUKHUMI DRANDA,SUKHUMI,GEORGIA,17.0
0.39714970000000005,2.1136286,22.755,121.102,FENGNIN,FENGNIN,TAIWAN,44.0
0.39714970000000005,2.1136286,22.755,121.102,FENGNIN,FENGNIN,TAIWAN,44.0
0.39714970000000005,2.1136286,22.755,121.102,FENGNIN,FENGNIN,TAIWAN,44.0
0.39714970000000005,2.1136286,22.755,121.102,FENGNIN,FENGNIN,TAIWAN,44.0
0.39714970000000005,2.1136286,22.755,121.102,FENGNIN,FENGNIN,TAIWAN,44.0
0.39714970000000005,2.1136286,22.755,121.102,FENGNIN,FENGNIN,TAIWAN,44.0
0.39714970000000005,2.1136286,22.755,121.102,FENGNIN,FENGNIN,TAIWAN,44.0
0.39714970000000005,2.1136286,22.755,121.102,FENGNIN,FENGNIN,TAIWAN,44.0
0.39714970000000005,2.1136286,22.755,121.102,FENGNIN,FENGNIN,TAIWAN,44.0
0.39714970000000005,2.1136286,22.755,121.102,FENGNIN,FENGNIN,TAIWAN,44.0
0.39714970000000005,2.1136286,22.755,121.102,FENGNIN,FENGNIN,TAIWAN,44.0
0.39714970000000005,2.1136286,22.755,121.102,FENGNIN,FENGNIN,TAIWAN,44.0
0.39714970000000005,2.1136286,22.755,121.102,FENGNIN,FENGNIN,TAIWAN,44.0
0.39714970000000005,2.1136286,22.755,121.102,FENGNIN,FENGNIN,TAIWAN,44.0
0.39714970000000005,2.1136286,22.755,121.102,FENGNIN,FENGNIN,TAIWAN,44.0
0.39714970000000005,2.1136286,22.755,121.102,FENGNIN,FENGNIN,TAIWAN,44.0
0.39714970000000005,2.1136286,22.755,121.102,FENGNIN,FENGNIN,TAIWAN,44.0
0.39714970000000005,2.1136286,22.755,121.102,FENGNIN,FENGNIN,TAIWAN,44.0
0.39714970000000005,2.1136286,22.755,121.102,FENGNIN,FENGNIN,TAIWAN,44.0
0.39714970000000005,2.1136286,22.755,121.102,FENGNIN,FENGNIN,TAIWAN,44.0
0.39714970000000005,2.1136286,22.755,121.102,FENGNIN,FENGNIN,TAIWAN,44.0
0.39714970000000005,2.1136286,22.755,121.102,FENGNIN,FENGNIN,TAIWAN,44.0
0.39714970000000005,2.1136286,22.755,121.102,FENGNIN,FENGNIN,TAIWAN,44.0
0.39714970000000005,2.1136286,22.755,121.102,FENGNIN,FENGNIN,TAIWAN,44.0
0.39714970000000005,2.1136286,22.755,121.102,FENGNIN,FENGNIN,TAIWAN,44.0
0.39714970000000005,2.1136286,22.755,121.102,FENGNIN,FENGNIN,TAIWAN,44.0
0.39714970000000005,2.1136286,22.755,121.102,FENGNIN,FENGNIN,TAIWAN,44.0
0.39714970000000005,2.1136286,22.755,121.102,FENGNIN,FENGNIN,TAIWAN,44.0
0.39714970000000005,2.1136286,22.755,121.102,FENGNIN,FENGNIN,TAIWAN,44.0
0.39714970000000005,2.1136286,22.755,121.102,FENGNIN,FENGNIN,TAIWAN,44.0
0.39714970000000005,2.1136286,22.755,121.102,FENGNIN,FENGNIN,TAIWAN,44.0
0.39714970000000005,2.1136286,22.755,121.102,FENGNIN,FENGNIN,TAIWAN,44.0
0.39714970000000005,2.1136286,22.755,121.102,FENGNIN,FENGNIN,TAIWAN,44.0
0.39714970000000005,2.1136286,22.755,121.102,FENGNIN,FENGNIN,TAIWAN,44.0
0.39714970000000005,2.1136286,22.755,121.102,FENGNIN,FENGNIN,TAIWAN,44.0
0.39714970000000005,2.1136286,22.755,121.102,FENGNIN,FENGNIN,TAIWAN,44.0
0.39714970000000005,2.1136286,22.755,121.102,FENGNIN,FENGNIN,TAIWAN,44.0
0.39714970000000005,2.1136286,22.755,121.102,FENGNIN,FENGNIN,TAIWAN,44.0
0.39714970000000005,2.1136286,22.755,121.102,FENGNIN,FENGNIN,TAIWAN,44.0
0.39714970000000005,2.1136286,22.755,121.102,FENGNIN,FENGNIN,TAIWAN,44.0
0.39714970000000005,2.1136286,22.755,121.102,FENGNIN,FENGNIN,TAIWAN,44.0
0.39714970000000005,2.1136286,22.755,121.102,FENGNIN,FENGNIN,TAIWAN,44.0
0.39714970000000005,2.1136286,22.755,121.102,FENGNIN,FENGNIN,TAIWAN,44.0
0.39714970000000005,2.1136286,22.755,121.102,FENGNIN,FENGNIN,TAIWAN,44.0
0.39714970000000005,2.1136286,22.755,121.102,FENGNIN,FENGNIN,TAIWAN,44.0
0.39714970000000005,2.1136286,22.755,121.102,FENGNIN,FENGNIN,TAIWAN,44.0
0.39714970000000005,2.1136286,22.755,121.102,FENGNIN,FENGNIN,TAIWAN,44.0
0.39714970000000005,2.1136286,22.755,121.102,FENGNIN,FENGNIN,TAIWAN,44.0
0.39714970000000005,2.1136286,22.755,121.102,FENGNIN,FENGNIN,TAIWAN,44.0
0.39714970000000005,2.1136286,22.755,121.102,FENGNIN,FENGNIN,TAIWAN,44.0
0.39714970000000005,2.1136286,22.755,121.102,FENGNIN,FENGNIN,TAIWAN,44.0
0.39714970000000005,2.1136286,22.755,121.102,FENGNIN,FENGNIN,TAIWAN,44.0
0.39714970000000005,2.1136286,22.755,121.102,FENGNIN,FENGNIN,TAIWAN,44.0
0.39714970000000005,2.1136286,22.755,121.102,FENGNIN,FENGNIN,TAIWAN,44.0
0.39714970000000005,2.1136286,22.755,121.102,FENGNIN,FENGNIN,TAIWAN,44.0
0.39714970000000005,2.1136286,22.755,121.102,FENGNIN,FENGNIN,TAIWAN,44.0
0.39714970000000005,2.1136286,22.755,121.102,FENGNIN,FENGNIN,TAIWAN,44.0
0.39714970000000005,2.1136286,22.755,121.102,FENGNIN,FENGNIN,TAIWAN,44.0
0.39714970000000005,2.1136286,22.755,121.102,FENGNIN,FENGNIN,TAIWAN,44.0
0.39714970000000005,2.1136286,22.755,121.102,FENGNIN,FENGNIN,TAIWAN,44.0
0.39714970000000005,2.1136286,22.755,121.102,FENGNIN,FENGNIN,TAIWAN,44.0
0.39714970000000005,2.1136286,22.755,121.102,FENGNIN,FENGNIN,TAIWAN,44.0
0.39714970000000005,2.1136286,22.755,121.102,FENGNIN,FENGNIN,TAIWAN,44.0
0.39714970000000005,2.1136286,22.755,121.102,FENGNIN,FENGNIN,TAIWAN,44.0
0.39714970000000005,2.1136286,22.755,121.102,FENGNIN,FENGNIN,TAIWAN,44.0
0.39714970000000005,2.1136286,22.755,121.102,FENGNIN,FENGNIN,TAIWAN,44.0
0.39714970000000005,2.1136286,22.755,121.102,FENGNIN,FENGNIN,TAIWAN,44.0
0.39714970000000005,2.1136286,22.755,121.102,FENGNIN,FENGNIN,TAIWAN,44.0
0.39714970000000005,2.1136286,22.755,121.102,FENGNIN,FENGNIN,TAIWAN,44.0
0.39714970000000005,2.1136286,22.755,121.102,FENGNIN,FENGNIN,TAIWAN,44.0
0.39714970000000005,2.1136286,22.755,121.102,FENGNIN,FENGNIN,TAIWAN,44.0
0.39714970000000005,2.1136286,22.755,121.102,FENGNIN,FENGNIN,TAIWAN,44.0
0.39714970000000005,2.1136286,22.755,121.102,FENGNIN,FENGNIN,TAIWAN,44.0
0.39714970000000005,2.1136286,22.755,121.102,FENGNIN,FENGNIN,TAIWAN,44.0
0.39714970000000005,2.1136286,22.755,121.102,FENGNIN,FENGNIN,TAIWAN,44.0
0.39714970000000005,2.1136286,22.755,121.102,FENGNIN,FENGNIN,TAIWAN,44.0
0.39714970000000005,2.1136286,22.755,121.102,FENGNIN,FENGNIN,TAIWAN,44.0
0.39714970000000005,2.1136286,22.755,121.102,FENGNIN,FENGNIN,TAIWAN,44.0
0.39714970000000005,2.1136286,22.755,121.102,FENGNIN,FENGNIN,TAIWAN,44.0
0.39714970000000005,2.1136286,22.755,121.102,FENGNIN,FENGNIN,TAIWAN,44.0
0.39714970000000005,2.1136286,22.755,121.102,FENGNIN,FENGNIN,TAIWAN,44.0
0.39714970000000005,2.1136286,22.755,121.102,FENGNIN,FENGNIN,TAIWAN,44.0
0.39714970000000005,2.1136286,22.755,121.102,FENGNIN,FENGNIN,TAIWAN,44.0
0.39714970000000005,2.1136286,22.755,121.102,FENGNIN,FENGNIN,TAIWAN,44.0
0.39714970000000005,2.1136286,22.755,121.102,FENGNIN,FENGNIN,TAIWAN,44.0
0.7092983,-1.2876847,40.6398,-73.7789,JOHN F KENNEDY INTERNATIONAL,NEW YORK,USA,4.0
0.7102181,-1.2944879999999999,40.6925,-74.1687,NEWARK LIBERTY INTERNATIONAL,NEWARK,USA,6.0
0.5924084,-2.0666094,33.9425,-118.408,LOS ANGELES INTERNATIONAL,LOS ANGELES,USA,39.0
0.7116964,-1.28932,40.7772,-73.8726,LA GUARDIA,NEW YORK,USA,7.0
0.7326648,-1.5342281999999998,41.9786,-87.9048,CHICAGO OHARE INTERNATIONAL,CHICAGO,USA,204.0
0.6297166000000001,-2.0097815,36.0801,-115.152,MC CARRAN INTERNATIONAL,LAS VEGAS,USA,665.0
0.5870711999999999,-1.4735483,33.6367,-84.4281,THE WILLIAM B HARTSFIELD ATLANTA INTERNATIONAL,ATLANTA,USA,313.0
0.4961866,-1.4191097,28.4294,-81.309,ORLANDO INTERNATIONAL,ORLANDO,USA,30.0
0.6565754,-2.1358467,37.619,-122.375,SAN FRANCISCO INTERNATIONAL,SAN FRANCISCO,USA,4.0
0.7393965,-1.2392746000000001,42.3643,-71.0052,GENERAL EDWARD LAWRENCE LOGAN INTERNATIONAL,BOSTON,USA,6.0
0.6837397,-1.3381142,39.1754,-76.6683,BALTIMORE WASHINGTON INTERNATIONAL,BALTIMORE,USA,45.0
0.5741575,-1.6936326000000002,32.8968,-97.038,DALLAS FORT WORTH INTERNATIONAL,DALLAS-FORT WORTH,USA,184.0
0.8281413000000001,-2.1346947,47.449,-122.309,SEATTLE TACOMA INTERNATIONAL,SEATTLE,USA,131.0
0.6780971,-1.3445615,38.8521,-77.0377,RONALD REAGAN WASHINGTON NATIONAL,WASHINGTON,USA,5.0
0.6797098000000001,-1.3518588,38.9445,-77.4558,WASHINGTON DULLES INTERNATIONAL,WASHINGTON,USA,96.0
0.7833386999999999,-1.6270274,44.882,-93.2218,MINNEAPOLIS ST PAUL INTERNATIONAL,MINNEAPOLIS,USA,257.0
0.6957179,-1.8268883999999999,39.8617,-104.673,DENVER INTERNATIONAL,DENVER,USA,1656.0
0.4501763,-1.4013354,25.7932,-80.2906,MIAMI INTERNATIONAL,MIAMI,USA,3.0
0.7367453,-1.4547913000000001,42.2124,-83.3534,DETROIT METRO WAYNE CO,DETROIT,USA,197.0
0.5835385999999999,-1.9549782,33.4343,-112.012,PHOENIX SKY HARBOR INTERNATIONAL,PHOENIX,USA,346.0
0.3720815,-2.7562588,21.3187,-157.922,HONOLULU INTERNATIONAL,HONOLULU,USA,4.0
0.4550527,-1.3989286,26.0726,-80.1527,FORT LAUDERDALE HOLLYWOOD INTERNATIONAL,FORT LAUDERDALE,USA,3.0
0.7293033,-1.5315683999999998,41.786,-87.7524,CHICAGO MIDWAY INTERNATIONAL,CHICAGO,USA,189.0
0.5713090999999999,-2.0453514,32.7336,-117.19,SAN DIEGO INTERNATIONAL LINDBERGH FLD,SAN DIEGO,USA,5.0
0.6958959,-1.3132049,39.8719,-75.2411,PHILADELPHIA INTERNATIONAL,PHILADELPHIA,USA,12.0
0.4882646,-1.4404761000000001,27.9755,-82.5332,TAMPA INTERNATIONAL,TAMPA,USA,8.0
0.5233265,-1.6640213,29.9844,-95.3414,GEORGE BUSH INTCNTL HOUSTON,HOUSTON,USA,30.0
0.7956729,-2.1397387,45.5887,-122.598,PORTLAND INTERNATIONAL,PORTLAND,USA,10.0
0.6146003000000001,-1.4127236,35.214,-80.9431,CHARLOTTE DOUGLAS INTERNATIONAL,CHARLOTTE,USA,229.0
0.3218282,-1.1519487,18.4394,-66.0018,LUIS MUNOZ MARIN INTERNATIONAL,SAN JUAN,PUERTO RICO,3.0
0.5234835999999999,-1.5752993,29.9934,-90.258,LOUIS ARMSTRONG NEW ORLEANS INTERNATIONAL,NEW ORLEANS,USA,2.0
0.3671562,-1.5162913999999998,21.0365,-86.8771,CANCUN INTERNATIONAL,CANCUN,MEXICO,7.0
0.7118919,-1.9543846999999999,40.7884,-111.978,SALT LAKE CITY INTERNATIONAL,SALT LAKE CITY,USA,1289.0
0.3647494,-2.7302183999999996,20.8986,-156.43,KAHULUI,KAHULUI,USA,17.0
0.6261823000000001,-1.3751013,35.8776,-78.7875,RALEIGH DURHAM INTERNATIONAL,RALEIGH-DURHAM,USA,133.0
0.6762924,-1.5772541000000002,38.7487,-90.37,LAMBERT ST LOUIS INTERNATIONAL,ST. LOUIS,USA,185.0
0.4631441,-1.4268975,26.5362,-81.7552,SOUTHWEST FLORIDA INTERNATIONAL,FORT MYERS,USA,10.0
0.5877519,-2.0571846000000003,33.6757,-117.868,JOHN WAYNE ARPT ORANGE CO,SANTA ANA,USA,18.0
0.5269934000000001,-1.7046613000000002,30.1945,-97.6699,AUSTIN BERGSTROM INTERNATIONAL,AUSTIN,USA,166.0
0.6858725,-1.6530694,39.2976,-94.7139,KANSAS CITY INTERNATIONAL,KANSAS CITY,USA,313.0
0.6521004,-2.1280625,37.3626,-121.929,NORMAN Y MINETA SAN JOSE INTERNATIONAL,SAN JOSE,USA,18.0
0.5174098,-1.6629305,29.6454,-95.2789,WILLIAM P HOBBY,HOUSTON,USA,15.0
0.6931977,-1.5061215000000001,39.7173,-86.2944,INDIANAPOLIS INTERNATIONAL,INDIANAPOLIS,USA,243.0
0.57329,-1.6903828,32.8471,-96.8518,DALLAS LOVE FLD,DALLAS,USA,149.0
0.7067100000000001,-1.4003283000000002,40.4915,-80.2329,PITTSBURGH INTERNATIONAL,PITTSBURGH (PENNSYLVA),USA,367.0
0.6304915,-1.51282,36.1245,-86.6782,NASHVILLE INTERNATIONAL,NASHVILLE,USA,183.0
0.6753621,-2.1221634,38.6954,-121.591,SACRAMENTO INTERNATIONAL,SACRAMENTO,USA,9.0
0.7495701,-1.5340851,42.9472,-87.8966,GENERAL MITCHELL INTERNATIONAL,MILWAUKEE,USA,221.0
0.6583609,-2.1331589,37.7213,-122.221,METROPOLITAN OAKLAND INTERNATIONAL,OAKLAND,USA,2.0
0.5154603,-1.7186223000000003,29.5337,-98.4698,SAN ANTONIO INTERNATIONAL,SAN ANTONIO,USA,247.0
0.7227705,-1.4285485,41.4117,-81.8498,CLEVELAND HOPKINS INTERNATIONAL,CLEVELAND,USA,242.0
0.46570969999999995,-1.3979319,26.6832,-80.0956,PALM BEACH INTERNATIONAL,WEST PALM BEACH,USA,6.0
0.5322225,-1.4257228000000002,30.4941,-81.6879,JACKSONVILLE INTERNATIONAL,JACKSONVILLE,USA,10.0
0.6980968000000001,-1.4467366000000002,39.998,-82.8919,PORT COLUMBUS INTERNATIONAL,COLUMBUS,USA,249.0
0.8983314,-0.008062399999999999,51.4706,-0.4619,HEATHROW,LONDON,ENGALND,25.0
0.32295050000000003,-1.3598453000000001,18.5037,-77.9134,SANGSTER INTERNATIONAL,MONTEGO BAY,JAMAICA,2.0
0.7319719,-1.2685611,41.9389,-72.6832,BRADLEY INTERNATIONAL,WINDSOR LOCKS,USA,53.0
0.6815302,-1.4777319,39.0488,-84.6678,CINCINNATI NORTHERN KENTUCKY INTERNATIONAL,CINCINNATI,USA,274.0
0.7494531,-1.3741361,42.9405,-78.7322,BUFFALO NIAGARA INTERNATIONAL,BUFFALO,USA,221.0
0.5781979,-2.0469221,33.1283,-117.28,MIRAMAR MCAS,MIRAMAR,USA,146.0
0.6116053000000001,-1.5703897,35.0424,-89.9767,MEMPHIS INTERNATIONAL,MEMPHIS,USA,104.0
0.7208768,-1.6736677,41.3032,-95.8941,EPPLEY AFLD,OMAHA,USA,300.0
0.38355359999999994,-2.7809903,21.976,-159.339,LIHUE,LIHUE,USA,47.0
0.5943893,-2.0525246,34.056,-117.601,ONTARIO INTERNATIONAL,ONTARIO,USA,288.0
0.762311,-1.3898162,43.6772,-79.6306,LESTER B PEARSON INTERNATIONAL,TORONTO,CANADA,174.0
0.6545892,-1.3494834,37.5052,-77.3197,RICHMOND INTERNATIONAL,RICHMOND,USA,51.0
0.3445071,-2.7235166,19.7388,-156.046,KONA INTERNATIONAL AT KEAHOLE,KONA,USA,15.0
0.5902301999999999,-2.0621414000000002,33.8177,-118.152,LONG BEACH,LONG BEACH,USA,19.0
0.6964283,-1.4699058,39.9024,-84.2194,JAMES M COX DAYTON INTERNATIONAL,DAYTON,USA,308.0
0.3240623,-1.1931665,18.5674,-68.3634,PUNTA CANA INTERNATIONAL,PUNTA CANA,DOMINICAN REPUBLIC,13.0
0.6177261,-1.7034536,35.3931,-97.6007,WILL ROGERS WORLD,OKLAHOMA CITY,USA,395.0
0.3392274,-1.7291343000000001,19.4363,-99.0721,LICENCIADO BENITO JUAREZ INTERNATIONAL,MEXICO CITY,MEXICO,2230.0
0.5969148,-2.0657543,34.2007,-118.359,BURBANK GLENDALE PASADENA,BURBANK,USA,238.0
0.3200462,-1.1339997,18.3373,-64.9734,CYRIL E KING,ST. THOMAS,VIRGIN ISL.,8.0
0.6439322,-1.3299618999999998,36.8946,-76.2012,NORFOLK INTERNATIONAL,NORFOLK,USA,8.0
0.5435549,2.1258983,31.1434,121.805,HONGQIAO INTERNATIONAL,SHANGHAI,CHINA,4.0
-0.21224429999999997,-1.3438843,-12.1607,-76.9989,LAS PALMAS,LAS PALMAS,PERU,77.0
0.5741889,-1.3969702,32.8986,-80.0405,CHARLESTON AFB INTERNATIONAL,CHARLESTON,USA,14.0
0.7283713,-1.2465211999999999,41.7326,-71.4204,THEODORE FRANCIS GREEN STATE,PROVIDENCE,USA,17.0
0.5605316999999999,-1.9362858,32.1161,-110.941,TUCSON INTERNATIONAL,TUCSON,USA,806.0
0.666269,-1.4963754999999999,38.1744,-85.736,BOWMAN FLD,LOUISVILLE,USA,167.0
0.6115668000000001,-1.8606781000000003,35.0402,-106.609,ALBUQUERQUE INTERNATIONAL SUNPORT,KIRTLAND A.F.B.,USA,1633.0
0.2532228,2.1121974,14.5086,121.02,NINOY AQUINO INTERNATIONAL,MANILA,PHILIPPINES,23.0
0.7484111,-1.4926544,42.8808,-85.5228,GERALD R FORD INTERNATIONAL,GRAND RAPIDS,USA,242.0
0.7525668000000001,-1.3556391,43.1189,-77.6724,GREATER ROCHESTER INTERNATIONAL,ROCHESTER,USA,171.0
0.6893893,-2.0903459,39.4991,-119.768,RENO TAHOE INTERNATIONAL,RENO,USA,1345.0
1.0676947,-2.6179241,61.1744,-149.996,TED STEVENS ANCHORAGE INTERNATIONAL,ANCHORAGE,USA,47.0
0.831124,-2.0513552,47.6199,-117.534,SPOKANE INTERNATIONAL,SPOKANE,USA,723.0
0.7524324,-1.3283055000000001,43.1112,-76.1063,SYRACUSE HANCOCK INTERNATIONAL,SYRACUSE,USA,129.0
0.5878215999999999,-1.3775587,33.6797,-78.9283,MYRTLE BEACH INTERNATIONAL,MYRTLE BEACH,USA,8.0
0.7249051,-1.6347295,41.534,-93.6631,DES MOINES INTERNATIONAL,DES MOINES,USA,292.0
0.40407509999999996,-1.9149927,23.1518,-109.721,LOS CABOS INTERNATIONAL,SAN JOSE DEL CABO,MEXICO,110.0
0.9323776,-0.10943339999999999,53.4213,-6.2701,DUBLIN,DUBLIN,IRELAND,74.0
0.8554347,0.0445059,49.0128,2.55,CHARLES DE GAULLE,PARIS,FRANCE,120.0
0.7603422,-2.028474,43.5644,-116.223,BOISE AIR TERMINAL,BOISE,USA,876.0
0.6995296999999999,2.0347921,40.0801,116.585,CAPITAL,BEIJING,CHINA,36.0
0.358173,-1.8031171000000001,20.5218,-103.311,DON MIGUEL Y HIDALGO INTERNATIONAL,GUADALAJARA,MEXICO,1528.0
0.7141206999999999,-1.4214345,40.9161,-81.4422,AKRON FULTON INTERNATIONAL,AKRON,USA,326.0
0.5857831,-1.5141341999999998,33.5629,-86.7535,BIRMINGHAM INTERNATIONAL,BIRMINGHAM,USA,197.0
0.5318611999999999,-1.5216931999999999,30.4734,-87.1866,PENSACOLA RGNL,PENSACOLA,USA,37.0
0.4985795,1.345703,28.5665,77.1031,INDIRA GANDHI INTERNATIONAL,DELHI,INDIA,237.0
0.7460986,-1.2880826,42.7483,-73.8017,ALBANY INTERNATIONAL,ALBANY,USA,87.0
0.6300255,-1.3951691000000002,36.0978,-79.9373,SMITH REYNOLDS,WINSTON-SALEM,USA,296.0
0.7529333,-1.5592335,43.1399,-89.3375,DANE CO RGNL TRUAX FLD,MADISON,USA,271.0
0.5607324,-1.4172441,32.1276,-81.2021,SAVANNAH HILTON HEAD INTERNATIONAL,SAVANNAH,USA,16.0
0.8585955,-2.1499664000000003,49.1939,-123.184,VANCOUVER INTERNATIONAL,VANCOUVER,CANADA,5.0
0.6317812,-1.6735631000000002,36.1984,-95.8881,TULSA INTERNATIONAL,TULSA,USA,207.0
0.4285848,-1.4269742,24.5561,-81.7596,KEY WEST INTERNATIONAL,KEY WEST,USA,1.0
0.23878020000000003,1.7583668999999997,13.6811,100.747,BANGKOK INTERNATIONAL,BANGKOK,THAILAND,3.0
0.1744258,-1.4697208000000002,9.9939,-84.2088,JUAN SANTAMARIA INTERNATIONAL,SAN JOSE,COSTA RICA,921.0
0.6250199000000001,-1.4659719,35.811,-83.994,MC GHEE TYSON,KNOXVILLE,USA,300.0
0.6418658,-2.0894733,36.7762,-119.718,FRESNO YOSEMITE INTERNATIONAL,FRESNO,USA,103.0
0.3331607,1.2717847,19.0887,72.8679,CHHATRAPATI SHIVAJI INTERNATIONAL,BOMBAY,INDIA,12.0
0.437013,-1.3520403,25.039,-77.4662,NASSAU INTERNATIONAL,NASSAU,BAHAMAS,5.0
0.677289,-1.8273771,38.8058,-104.701,CITY OF COLORADO SPRINGS MUNI,COLORADO SPRINGS,USA,1885.0
0.7617699,-1.2271288,43.6462,-70.3093,PORTLAND INTERNATIONAL JETPORT,PORTLAND,USA,23.0
0.7493152,-1.2467882,42.9326,-71.4357,LAURENCE G HANSCOM FLD,BEDFORD,USA,41.0
0.6061424,-1.6096176000000002,34.7294,-92.2243,ADAMS FLD,LITTLE ROCK,USA,80.0
0.7067465999999999,-0.06225169999999999,40.4936,-3.5668,BARAJAS,MADRID,SPAIN,610.0
0.8731254,0.1491057,50.0264,8.5431,FRANKFURT MAIN,FRANKFURT,GERMANY,111.0
0.6090448,-1.4349906000000001,34.8957,-82.2189,ANDERSON RGNL,ANDERSEN,USA,239.0
0.5904397,-2.0334308,33.8297,-116.507,PALM SPRINGS INTERNATIONAL,PALM SPRINGS,USA,145.0
0.4781399,-1.4408459999999998,27.3954,-82.5544,ALBERT WHITTED,ST. PETERSBURG,USA,3.0
0.6571146999999999,-1.7005284,37.6499,-97.4331,WICHITA MID CONTINENT,WICHITA,USA,407.0
0.5551404000000001,-1.8566463,31.8072,-106.378,EL PASO INTERNATIONAL,EL PASO,USA,1207.0
0.5587043,0.6088878000000001,32.0114,34.8867,BEN GURION,TEL-AVIV,ISRAEL,42.0
0.7296262,0.21381679999999997,41.8045,12.2508,FIUMICINO,ROME,ITALY,4.0
0.21819059999999998,-1.2219957000000001,12.5014,-70.0152,REINA BEATRIX INTERNATIONAL,ORANJESTAD,ARUBA,19.0
0.7015089,-1.339774,40.1935,-76.7634,HARRISBURG INTERNATIONAL,HARRISBURG,USA,95.0
0.3893638,1.9881918,22.3089,113.915,HONG KONG INTERNATIONAL,HONG KONG,HONG KONG,9.0
-0.4090276,-0.8111079000000001,-23.4356,-46.4731,GUARULHOS,SAO PAULO,BRAZIL,750.0
0.7167544,-1.2864403999999998,41.067,-73.7076,WESTCHESTER CO,WHITE PLAINS,USA,134.0
0.6539592,2.2069862000000002,37.4691,126.451,GIMPO,SEOUL,KOREA,18.0
0.7207704,0.036275999999999996,41.2971,2.0785,BARCELONA,BARCELONA,SPAIN,4.0
0.9129573000000001,0.0831456,52.3086,4.7639,SCHIPHOL,AMSTERDAM,NETHERLANDS,-3.0
0.32165900000000003,-1.2159517,18.4297,-69.6689,LAS AMERICAS INTERNATIONAL,SANTO DOMINGO,DOMINICAN REPUBLIC,18.0
0.3609358,-1.8370288000000001,20.6801,-105.254,LICENCIADO GUSTAVO DIAZ ORDAZ INTERNATIONAL,PUERTO VALLARTA,MEXICO,7.0
0.7761811,-1.2767659,44.4719,-73.1533,BURLINGTON INTERNATIONAL,BURLINGTON,USA,103.0
0.23458800000000002,-1.5543152,13.4409,-89.0557,EL SALVADOR INTERNATIONAL,SAN SALVADOR,EL SALVADOR,31.0
0.7936116999999999,-1.2870197,45.4706,-73.7408,MONTREAL INTERNATIONAL DORVAL,MONTREAL,CANADA,36.0
0.7498876999999999,-1.4616015,42.9654,-83.7436,CAPITAL CITY,LANSING,USA,263.0
0.0820582,-1.2941075,4.7016,-74.1469,ELDORADO INTERNATIONAL,BOGOTA,COLOMBIA,2549.0
0.1583251,-1.3855034,9.0714,-79.3835,TOCUMEN INTERNATIONAL,PANAMA CITY,PANAMA,42.0
0.5923438,-1.4158023000000002,33.9388,-81.1195,COLUMBIA METROPOLITAN,COLOMBIA,USA,72.0
0.5092853,-1.4147306999999998,29.1799,-81.0581,EXECUTIVE,ORLANDO,USA,35.0
-0.607762,-1.0216424000000002,-34.8222,-58.5358,AEROCLUB ARGENTINO,SAN JUSTO,ARGENTINA,19.0
0.7989681,-1.9399858,45.7775,-111.153,HELENA RGNL,HELENA,USA,1182.0
0.6638621,-1.4766516,38.0365,-84.6059,BOWMAN FLD,LOUISVILLE,USA,167.0
0.30074320000000004,1.3688592,17.2313,78.4299,HYDERABAD,HYDERABAD,INDIA,531.0
0.7310259,-1.6006553999999997,41.8847,-91.7108,DES MOINES INTERNATIONAL,DES MOINES,USA,292.0
0.7606494,-1.6884646,43.582,-96.7419,SIOUX GATEWAY COL BUD DAY FLD,SIOUX CITY,USA,335.0
-0.5828178,-1.2354452,-33.393,-70.7858,ARTURO MERINO BENITEZ INTERNATIONAL,SANTIAGO,CHILE,474.0
0.8921058000000001,-1.9900243999999998,51.1139,-114.02,CALGARY INTERNATIONAL,CALGARY,CANADA,1085.0
0.7994952,-1.8944327,45.8077,-108.543,HELENA RGNL,HELENA,USA,1182.0
-0.5924712,2.6385363999999996,-33.9461,151.177,KINGSFORD SMITH INTERNATIONAL AIRPORT,SYDNEY,AUSTRALIA,7.0
0.6621151,0.4179104,37.9364,23.9445,ATHINAI,ATHENS,GREECE,21.0
0.7151818,0.5029096,40.9769,28.8146,ATATURK,ISTANBUL,TURKEY,50.0
0.2545266,-1.5800028999999998,14.5833,-90.5275,LA AURORA,GUATEMALA CITY,GUATEMALA,1510.0
0.6045332,-1.5145111999999998,34.6372,-86.7751,REDSTONE AAF,REDSTONE,USA,209.0
0.5639368,-1.5721209999999999,32.3112,-90.0759,JACKSON INTERNATIONAL,JACKSON,USA,106.0
0.8189207,-1.6897544999999998,46.9207,-96.8158,GRAND FORKS INTERNATIONAL,GRAND FORKS,USA,258.0
0.5320322,-1.5101531000000001,30.4832,-86.5254,EGLIN AFB,VALPARAISO,USA,27.0
0.6332386,-1.6459641999999999,36.2819,-94.3068,DRAKE FLD,FAYETTEVILLE,USA,382.0
0.3442034,-2.7060982000000005,19.7214,-155.048,HILO INTERNATIONAL,HILO,USA,12.0
0.7701195,-2.150455,44.1246,-123.212,MC MINNVILLE MUNI,MACKMINNVILLE,USA,50.0
0.7095130000000001,-1.3166904,40.6521,-75.4408,WILLOW GROVE NAS JRB,WILLOW GROVE,USA,111.0
0.530519,-1.4721905,30.3965,-84.3503,TALLAHASSEE RGNL,TALLAHASSEE,USA,25.0
0.4376884,2.115915,25.0777,121.233,CHIANG KAI SHEK INTERNATIONAL,TAIPEI,TAIWAN,33.0
0.1888237,1.8614286,10.8188,106.652,TANSONNHAT INTERNATIONAL,HO CHI MINH CITY,VIET NAM,11.0
0.5295626,-1.4974454,30.3417,-85.7973,TYNDALL AFB,PANAMA CITY,USA,6.0
0.35818340000000004,-1.5171378999999998,20.5224,-86.9256,COZUMEL INTERNATIONAL,COZUMEL,MEXICO,5.0
0.6500600999999999,-1.6299386,37.2457,-93.3886,BOONE CO,HARRISON,USA,417.0
0.6242118000000001,2.450198,35.7647,140.386,NEW TOKYO INTERNATIONAL,TOKYO,JAPAN,43.0
0.5981348000000001,-1.3596569,34.2706,-77.9026,WILMINGTON INTERNATIONAL,WILMINGTON,USA,10.0
-0.39810959999999995,-0.7548646,-22.81,-43.2506,GALEAO ANTONIO CARLOS JOBIM,RIO DE JANEIRO,BRAZIL,9.0
0.2267184,1.3992182,12.99,80.1693,CHENNAI INTERNATIONAL,MADRAS,INDIA,17.0
0.7764115,-1.5381517,44.4851,-88.1296,AUSTIN STRAUBEL INTERNATIONAL,GREEN BAY,USA,212.0
0.843933,0.2057063,48.3538,11.7861,MUNICH,MUNICH,GERMANY,454.0
0.5329049,-1.5908606,30.5332,-91.1496,BATON ROUGE METRO RYAN FLD,BATON ROUGE,USA,22.0
0.7234128000000001,-1.5796538999999998,41.4485,-90.5075,DU PAGE,WEST CHICAGO,USA,232.0
0.8188439000000001,-1.9912637,46.9163,-114.091,HELENA RGNL,HELENA,USA,1182.0
0.6184784000000001,-1.4406261999999999,35.4362,-82.5418,ANDERSON RGNL,ANDERSEN,USA,239.0
0.8515950000000001,-2.1386916,48.7928,-122.538,BELLINGHAM INTERNATIONAL,BELLINGHAM,USA,52.0
0.9173398000000001,0.2319141,52.5597,13.2877,TEGEL,BERLIN,GERMANY,38.0
0.5813308,-1.9487473999999998,33.3078,-111.655,PHOENIX SKY HARBOR INTERNATIONAL,PHOENIX,USA,346.0
0.7279541,-1.5065211,41.7087,-86.3173,GRISSOM ARB,PERU,USA,248.0
0.5307075,-1.5545665000000002,30.4073,-89.0701,KEESLER AFB,BILOXI,USA,11.0
0.9707155000000001,0.2208889,55.6179,12.656,KASTRUP,COPENHAGEN,DENMARK,6.0
0.6114814000000001,-1.4870868,35.0353,-85.2038,LOVELL FLD,CHATTANOOGA,USA,208.0
0.6480739000000001,-1.3350546,37.1319,-76.493,NEWPORT NEWS WILLIAMSBURG INTERNATIONAL,NEWPORT NEWS,USA,14.0
0.5356625,-1.5401274,30.6912,-88.2428,MOBILE RGNL,MOBILE,USA,67.0
0.7395693,-2.1445383999999996,42.3742,-122.873,CHICO MUNI,CHICO,USA,73.0
0.313037,-1.3401947,17.9357,-76.7875,NORMAN MANLEY INTERNATIONAL,KINGSTON,JAMAICA,4.0
0.49048640000000004,-1.407526,28.1028,-80.6453,MELBOURNE INTERNATIONAL,MELBOURNE,USA,11.0
0.6514529,-1.3958341,37.3255,-79.9754,SMITH REYNOLDS,WINSTON-SALEM,USA,296.0
0.8074714,-2.0790188,46.2647,-119.119,GRANT CO INTERNATIONAL,GRANT COUNTY AIRPORT,USA,362.0
0.6008505999999999,-2.0916025,34.4262,-119.84,POINT MUGU NAS,POINT MUGU,USA,4.0
0.9311976999999999,-0.0397054,53.3537,-2.275,MANCHESTER,MANCHESTER,ENGLAND,79.0
0.0235653,1.8150378,1.3502,103.994,SINGAPORE CHANGI,SINGAPORE,SINGAPORE,7.0
0.6697369000000001,-1.4240700000000002,38.3731,-81.5932,ELKINS RANDOLPH CO JENNINGS RANDOLPH,ELKINS,USA,606.0
0.21190920000000002,-1.5039188000000001,12.1415,-86.1682,MANAGUA INTERNATIONAL,MANAGUA,NICARAGUA,60.0
0.7466292,-1.4763287,42.7787,-84.5874,CAPITAL CITY,LANSING,USA,263.0
-0.0022544,-1.3675964,-0.1292,-78.3575,MARISCAL SUCRE INTERNATIONAL,QUITO,ECUADOR,2813.0
0.3148749,-1.1014581,18.041,-63.1089,PRINCESS JULIANA INTERNATIONAL,PHILIPSBURG,ANTILLES,4.0
0.2303468,1.3562308,13.1979,77.7063,BANGALORE,BANGALORE,INDIA,889.0
0.7820366999999999,-1.2012770000000002,44.8074,-68.8281,BANGOR INTERNATIONAL,BANGOR,USA,59.0
0.4407445,0.9662911,25.2528,55.3644,DUBAI INTERNATIONAL,DUBAI,UNITED ARAB EMIRATES,11.0
0.761091,-1.9327427,43.6073,-110.738,HILL AFB,OGDEN,USA,1460.0
0.7724495,-1.5449496999999999,44.2581,-88.5191,AUSTIN STRAUBEL INTERNATIONAL,GREEN BAY,USA,212.0
0.5824146,-1.4305504,33.3699,-81.9645,AUGUSTA RGNL AT BUSH FLD,BUSH FIELD,USA,44.0
0.3398139,-1.2339582,19.4699,-70.7006,CIBAO INTERNATIONAL,SANTIAGO,DOMINICAN REPUBLIC,173.0
0.9304298000000001,-1.982345,53.3097,-113.58,EDMONTON INTERNATIONAL,EDMONTON,CANADA,724.0
0.4027731,1.2677146000000001,23.0772,72.6347,AHMEDABAD,AHMEDABAD,INDIA,58.0
0.18488800000000002,-1.4930315,10.5933,-85.5444,DANIEL ODUBER QUIROS INTERNATIONAL,LIBERIA,COSTA RICA,83.0
0.7152098000000001,-1.4869350000000001,40.9785,-85.1951,GRISSOM ARB,PERU,USA,248.0
0.23968960000000003,-1.0638235,13.7332,-60.9526,HEWANORRA INTERNATIONAL,HEWANDORRA,ST. LUCIA ISLAND,5.0
0.7097241999999999,-1.5654434,40.6642,-89.6933,GREATER KANKAKEE,KANKAKEE,USA,193.0
0.7214929,-1.3216226,41.3385,-75.7234,WILLIAMSPORT RGNL,WILLIAMSPORT,USA,162.0
0.8284153000000001,0.14921120000000002,47.4647,8.5492,ZURICH,ZURICH,SWITZERLAND,432.0
0.8431773000000001,-1.9941433000000002,48.3105,-114.256,CUT BANK MUNI,CUTBANK,USA,1175.0
0.7614435,-1.3857251,43.6275,-79.3962,CITY CENTRE,TORONTO,CANADA,77.0
0.6107116,-1.3767209999999999,34.9912,-78.8803,POPE AFB,FAYETTEVILLE,USA,67.0
0.7243831999999999,-1.2933727,41.5041,-74.1048,STEWART INTERNATIONAL,NEWBURGH,USA,150.0
0.7687354999999999,-1.798684,44.0453,-103.057,ELLSWORTH AFB,RAPID CITY,USA,1000.0
0.5663,-1.6375656,32.4466,-93.8256,SHREVEPORT RGNL,SHREVEPORT,USA,79.0
0.8927028,-0.003321,51.1481,-0.1903,GATWICK,LONDON,ENGLAND,60.0
0.8883970999999999,0.0782682,50.9014,4.4844,BRUSSELS NATL,BRUSSELS,BELGIUM,57.0
-0.0376541,-1.3942318,-2.1574,-79.8836,SIMON BOLIVAR INTERNATIONAL,GUAYAQUIL,ECUADOR,5.0
0.8504169,0.04118,48.7253,2.3594,ORLY,PARIS,FRANCE,89.0
0.7064587,-1.5518752,40.4771,-88.9159,GREATER KANKAKEE,KANKAKEE,USA,193.0
0.3089564,-1.1309489,17.7019,-64.7986,HENRY E ROHLSEN,ST. CRIOX ISLAND,VIRGIN ISL.,20.0
0.7942173,0.2155813,45.5053,12.3519,VENEZIA TESSERA,VENICE,ITALY,3.0
0.7120105999999999,-1.2758391000000002,40.7952,-73.1002,LONG ISLAND MAC ARTHUR,ISLIP,USA,31.0
0.5181899999999999,-1.4359137,29.6901,-82.2718,GAINESVILLE RGNL,GAINESVILLE,USA,47.0
0.33672290000000005,-1.4199597,19.2928,-81.3577,OWEN ROBERTS INTERNATIONAL,GEORGETOWN,CAYMAN ISLANDS,3.0
0.3061151,-1.5412688,17.5391,-88.3082,PHILIP S W GOLDSON INTERNATIONAL,BELIZE CITY,BELIZE,5.0
0.6656441,-1.3692615,38.1386,-78.4529,QUANTICO MCAF,QUANTICO,USA,4.0
0.702961,-1.3057419,40.2767,-74.8135,TRENTON MERCER,TRENTON,USA,65.0
0.8287171999999998,-1.9437906999999999,47.482,-111.371,GREAT FALLS INTERNATIONAL,GREAT FALLS,USA,1121.0
0.3242822,-1.2617421999999998,18.58,-72.2925,PORT AU PRINCE INTERNATIONAL,PORT-AU-PRINCE,HAITI,37.0
0.6768614000000001,-0.1594519,38.7813,-9.1359,LISBOA,LISBON,PORTUGAL,114.0
0.8951707,0.1181026,51.2895,6.7668,DUSSELDORF,DUESSELDORF,GERMANY,45.0
0.22819479999999998,-1.03834,13.0746,-59.4925,GRANTLEY ADAMS INTERNATIONAL,BRIDGETOWN,BARBADOS,52.0
0.7910268,-1.3206766,45.3225,-75.6692,OTTAWA MACDONALD CARTIER INTERNATIONAL,OTTAWA,CANADA,114.0
0.380021,-1.2612778999999998,21.7736,-72.2659,PROVIDENCIALES,PROVIDENCIALES,TURKS & CAICOS I.,5.0
0.40827440000000004,1.9774406999999998,23.3924,113.299,BAIYUN,GUANGZHOU,CHINA,12.0
0.5257263000000001,0.5481311,30.1219,31.4056,CAIRO INTERNATIONAL,CAIRO,EGYPT,117.0
0.6366123,-1.4382805,36.4752,-82.4074,HICKORY RGNL,HICKORY,USA,363.0
0.8786860000000001,0.5392142,50.345,30.8947,BORYSPIL,KIEV,RUSSIA,131.0
0.8396831,0.2891958,48.1103,16.5697,SCHWECHAT,VIENNA,AUSTRIA,183.0
0.4568539000000001,-1.7145871,26.1758,-98.2386,MC ALLEN MILLER INTERNATIONAL,MCALLEN,USA,33.0
0.8163376,-1.7583494,46.7727,-100.746,MINOT INTERNATIONAL,MINOT,USA,519.0
0.8279301,0.3360736,47.4369,19.2556,FERIHEGY,BUDAPEST,HUNGARY,151.0
0.7964041999999999,0.15233429999999998,45.6306,8.7281,MALPENSA,MILANO,ITALY,234.0
0.8744238999999999,0.24888400000000002,50.1008,14.26,RUZYNE,PRAGUE,CZECH REPUBLIC,381.0
-0.6031718,-1.0195446,-34.5592,-58.4156,AEROPARQUE JORGE NEWBERY,BUENOS AIRES,ARGENTINA,6.0
0.9104631999999999,0.3659449,52.1657,20.9671,OKECIE,WARSAW,POLAND,111.0
0.7723798000000001,-2.1144664,44.2541,-121.15,PORTLAND INTERNATIONAL,PORTLAND,USA,10.0
-0.6459132,3.050696,-37.0081,174.792,AUCKLAND INTERNATIONAL,AUCKLAND,NEW ZEALAND,8.0
0.18492460000000002,-1.0705361,10.5954,-61.3372,PIARCO,PORT-OF-SPAIN,TRINIDAD & TOBAGO,18.0
0.7808848,-1.4936912,44.7414,-85.5822,ROSCOMMON CO,HOUGHTON LAKE,USA,351.0
0.6078842,-1.3545867,34.8292,-77.6121,NEW RIVER MCAS,JACKSONVILLE,USA,8.0
0.9765117,-0.058861199999999995,55.95,-3.3725,EDINBURGH,EDINBURGH,UK,42.0
0.7129845,-1.6887666000000001,40.851,-96.7592,LINCOLN MUNI,LINCOLN,USA,372.0
-0.6575232,2.5279873,-37.6733,144.843,MELBOURNE INTERNATIONAL,MELBOURNE,AUSTRALIA,133.0
1.1312368999999998,-2.5805741,64.8151,-147.856,FAIRBANKS INTERNATIONAL,FAIRBANKS,USA,133.0
0.10759149999999999,-1.3163813999999998,6.1645,-75.4231,JOSE MARIA CORDOVA,RIO NEGRO,COLOMBIA,2143.0
0.3227969,-1.1716291,18.4949,-67.1294,RAFAEL HERNANDEZ,AGUADILLA,PUERTO RICO,73.0
0.2696987,-1.5345563,15.4526,-87.9236,LA MESA INTERNATIONAL,SAN PEDRO SULA,HONDURAS,28.0
0.5271819000000001,-1.6054865,30.2053,-91.9876,LAFAYETTE RGNL,LAFAYETTE,USA,13.0
0.5536638,0.6281998000000001,31.7226,35.9932,QUEEN ALIA INTERNATIONAL,AMMAN,JORDAN,730.0
0.6828147,-1.8941535,39.1224,-108.527,DURANGO LA PLATA CO,DURANGO,USA,2038.0
0.0618409,-1.3331104,3.5432,-76.3816,ALFONSO BONILLA ARAGON INTERNATIONAL,CALI,COLOMBIA,964.0
0.5637518,-1.5078597,32.3006,-86.394,MAXWELL AFB,MONTGOMERY,USA,53.0
-0.4562151,0.49298569999999997,-26.1392,28.246,JOHANNESBURG INTERNATIONAL,JOHANNESBURG,SOUTH AFRICA,1695.0
0.8422854,-1.7676694,48.2594,-101.28,MINOT INTERNATIONAL,MINOT,USA,519.0
0.688665,-1.3016177,39.4576,-74.5772,ATLANTIC CITY INTERNATIONAL,ATLANTIC CITY,USA,23.0
0.34484040000000005,-1.2316788,19.7579,-70.57,GREGORIO LUPERON INTERNATIONAL,PUERTO PLATA,DOMINICAN REPUBLIC,5.0
-0.023025099999999996,0.6445116999999999,-1.3192,36.9278,NAIROBI EASTLEIGH,NAIROBI,KENYA,1640.0
0.29909179999999996,-1.0784861000000001,17.1367,-61.7927,V C BIRD INTERNATIONAL,ANTIGUA,LEEWARD ISLANDS,19.0
0.1147968,0.057965199999999995,6.5774,3.3212,LAGOS MURTALA MUHAMMED,LAGOS,NIGERIA,42.0
0.5648583,-1.1288563,32.364,-64.6787,NANTUCKET MEM,NANTUCKET,USA,15.0
0.6385635999999999,-2.1265616,36.587,-121.843,NORMAN Y MINETA SAN JOSE INTERNATIONAL,SAN JOSE,USA,18.0
0.0479194,1.7751743999999998,2.7456,101.71,KUALA LUMPUR INTERNATIONAL,KUALA LUMPUR,MALAYSIA,22.0
0.5422249,-1.7074365000000002,31.0672,-97.8289,ROBERT GRAY AAF,KILLEEN,USA,311.0
0.5445061,2.1177127000000002,31.1979,121.336,HONGQIAO INTERNATIONAL,SHANGHAI,CHINA,4.0
0.7646288,0.1955659,43.81,11.2051,PERETOLA,FIRENZE,ITALY,44.0
0.7344891,-1.3992978999999999,42.0831,-80.1739,YOUNGSTOWN WARREN RGNL,YOUNGSTOWN,USA,365.0
0.7833177,-1.1084341,44.8808,-63.5086,HALIFAX INTERNATIONAL,HALIFAX,CANADA,146.0
0.48468490000000003,-1.7017168999999999,27.7704,-97.5012,CORPUS CHRISTI INTERNATIONAL,CORPUS CHRISTI,USA,14.0
0.6181274999999999,0.8927743,35.4161,51.1522,GHALE MORGHI,TEHERAN,IRAN,1143.0
0.5875406999999999,-1.7771466,33.6636,-101.823,LUBBOCK INTERNATIONAL,LUBBOCK,USA,1001.0
0.5575018,-1.7837615000000002,31.9425,-102.202,MIDLAND INTERNATIONAL,MIDLAND,USA,876.0
0.8070071,0.1066213,46.2381,6.109,GENEVA COINTRIN,GENEVA,SWITZERLAND,431.0
0.8175488000000001,-1.6090818999999998,46.8421,-92.1936,DULUTH INTERNATIONAL,DULUTH,USA,436.0
0.7931666,0.16190970000000002,45.4451,9.2767,LINATE,MILAN,ITALY,108.0
0.7129548000000001,-1.3587162,40.8493,-77.8487,ALTOONA BLAIR CO,ALTOONA,USA,459.0
0.46353679999999997,-1.3734973999999998,26.5587,-78.6956,GRAND BAHAMA INTERNATIONAL,FREEPORT,BAHAMAS,3.0
0.9769061,0.653008,55.9726,37.4146,SHEREMETYEVO,MOSCOW,RUSSIA,193.0
0.8710938,-1.6971564,49.91,-97.2399,WINNIPEG INTERNATIONAL,WINNIPEG,CANADA,239.0
0.7597925,-1.4674658,43.5329,-84.0796,CAPITAL CITY,LANSING,USA,263.0
0.6638708999999999,-1.5277286,38.037,-87.5324,GODMAN AAF,FORT KNOX,USA,231.0
0.7815165,-1.5649809,44.7776,-89.6668,YALINGA,YALINGA,CENTRAL AFRICAN REP.,464.0
0.41614490000000004,1.5777389,23.8433,90.3978,ZIA INTERNATIONAL,DHAKA,BANGLADESH,9.0
0.44991970000000003,-1.7471968,25.7785,-100.107,GENERAL MARIANO ESCOBEDO INTERNATIONAL,MONTERREY,MEXICO,388.0
0.097829,-0.002911,5.6052,-0.1668,KOTOKA INTERNATIONAL,ACCRA,GHANA,63.0
0.7366808000000001,-1.3260976,42.2087,-75.9798,SYRACUSE HANCOCK INTERNATIONAL,SYRACUSE,USA,129.0
0.3664057,-1.7711776000000001,20.9935,-101.481,DE GUANAJUATO INTERNATIONAL,DEL BAJIO,MEXICO,1820.0
0.5902861,0.6193894,33.8209,35.4884,BEIRUT INTERNATIONAL,BEIRUT,LEBANON,27.0
0.648416,-1.8806619999999998,37.1515,-107.754,DURANGO LA PLATA CO,DURANGO,USA,2038.0
0.7451979000000001,0.4086066,42.6967,23.4114,SOFIA,SOFIA,BULGARIA,531.0
0.4347004,1.172177,24.9065,67.1608,JINNAH INTERNATIONAL,KARACHI,PAKISTAN,31.0
0.7416079000000001,-1.3344508,42.491,-76.4584,SYRACUSE HANCOCK INTERNATIONAL,SYRACUSE,USA,129.0
-0.1526844,2.0100433,-8.7482,115.167,BALI INTERNATIONAL,DENPASAR,INDONESIA,5.0
0.15669370000000002,0.6771756,8.9779,38.7993,BOLE INTERNATIONAL,ADDIS ABABA,ETHIOPIA,2323.0
0.6205046999999999,2.4396212000000004,35.5523,139.78,TOKYO INTERNATIONAL,TOKYO,JAPAN,11.0
0.8497991,0.1609536,48.6899,9.222,STUTTGART,STUTTGART,GERMANY,389.0
0.7663444,-1.6144296,43.9083,-92.5,MINNEAPOLIS ST PAUL INTERNATIONAL,MINNEAPOLIS,USA,257.0
0.7358291,-1.3420116000000002,42.1599,-76.8916,WILLIAMSPORT RGNL,WILLIAMSPORT,USA,162.0
0.9198234000000001,-0.1557675,52.702,-8.9248,SHANNON,SHANNON,IRELAND,15.0
1.0527336999999999,0.43569179999999996,60.3172,24.9633,HELSINKI VANTAA,HELSINKI,FINLAND,55.0
0.4833969,1.4897973,27.6966,85.3591,TRIBHUVAN INTERNATIONAL,KATHMANDU,NEPAL,1339.0
0.5467663,-1.6152986999999999,31.3274,-92.5498,ALEXANDRIA INTERNATIONAL,ALEXANDRIA,USA,28.0
0.1771858,1.3334647,10.152,76.4019,CALICUT,CALICUT,INDIA,101.0
1.0411221,0.3127386,59.6519,17.9186,ARLANDA,STOCKHOLM,SWEDEN,38.0
0.9751485999999999,-0.07737150000000001,55.8719,-4.4331,GLASGOW,GLASGOW,UK,8.0
0.5823727,-0.13247,33.3675,-7.59,MOHAMMED V,CASABLANCA,MOROCCO,200.0
0.6146944999999999,-1.7751046000000001,35.2194,-101.706,AMARILLO INTERNATIONAL,AMARILLO,USA,1100.0
0.8989370000000001,0.0009647999999999999,51.5053,0.0553,CITY,LONDON,ENGLAND,6.0
0.618433,-2.0779366,35.4336,-119.057,MEADOWS FLD,BAKERSFIELD,USA,155.0
0.8134421,-1.9544721,46.6068,-111.983,HELENA RGNL,HELENA,USA,1182.0
-0.23624250000000002,-1.2555688999999999,-13.5357,-71.9388,VELAZCO ASTETE,CUZCO,PERU,3311.0
0.8368730999999999,-1.6960429,47.9493,-97.1761,GRAND FORKS INTERNATIONAL,GRAND FORKS,USA,258.0
0.7779316999999999,0.4555693,44.5722,26.1022,OTOPENI,BUCHAREST,ROMANIA,96.0
1.0505818,0.1937385,60.1939,11.1004,OSLO GARDERMOEN,OSLO,NORWAY,208.0
0.7371380999999999,-1.4931658,42.2349,-85.5521,GERALD R FORD INTERNATIONAL,GRAND RAPIDS,USA,242.0
0.6121394,-1.3446523000000001,35.073,-77.0429,CRAVEN CO RGNL,NEW BERN,USA,6.0
0.5501557,1.2985878,31.5216,74.4036,ALLAMA IQBAL INTERNATIONAL,LAHORE,PAKISTAN,218.0
0.4577737,-1.7043909,26.2285,-97.6544,VALLEY INTERNATIONAL,HARLINGEN,USA,11.0
0.759473,-1.9560078999999997,43.5146,-112.071,HILL AFB,OGDEN,USA,1460.0
0.5674222,-1.6063608,32.5109,-92.0377,MONROE RGNL,MONROE,USA,25.0
1.1167489,-0.3945422,63.985,-22.6056,KEFLAVIK NAS,KEFLAVIK,ICELAND,53.0
0.967066,0.6615897,55.4088,37.9063,VNUKOVO,MOSCOW,RUSSIA,210.0
0.7135953,0.24942150000000002,40.886,14.2908,CAPODICHINO,NAPLES,ITALY,91.0
-0.5927975999999999,0.32466090000000003,-33.9648,18.6017,CAPE TOWN INTERNATIONAL,CAPE TOWN,SOUTH AFRICA,47.0
0.18225429999999998,-1.3179505,10.4424,-75.513,RAFAEL NUNEZ,CARTAGENA,COLOMBIA,2.0
0.17989979999999997,2.1638417000000003,10.3075,123.979,MACTAN INTERNATIONAL,MASBATE,PHILIPPINES,10.0
0.684574,-1.865216,39.2232,-106.869,BUCKLEY AFB,BUCKLEY,USA,1726.0
-0.47794440000000005,2.6723958999999997,-27.3842,153.117,BRISBANE INTERNATIONAL,BRISBANE,AUSTRALIA,4.0
0.18505929999999998,-1.1692063,10.6031,-66.9906,SIMON BOLIVAR INTERNATIONAL,CARACAS,VENEZUELA,72.0
0.3464461,-1.7632188999999998,19.8499,-101.025,GENERAL FRANCISCO J MUJICA,MORELIA,MEXICO,1834.0
0.6149982,-2.1056001,35.2368,-120.642,VANDENBERG AFB,LOMPOC,USA,112.0
-0.1069114,1.8614983,-6.1256,106.656,SOEKARNO HATTA INTERNATIONAL,JAKARTA,INDONESIA,11.0
0.7619829,0.1259407,43.6584,7.2159,COTE D AZUR,NICE,FRANCE,4.0
0.6918939000000001,-1.8660710999999999,39.6426,-106.918,BUCKLEY AFB,BUCKLEY,USA,1726.0
0.3783804,0.6834099,21.6796,39.1565,KING ABDULAZIZ INTERNATIONAL,JEDDAH,SAUDI ARABIA,15.0
0.4042427,-1.8546916000000002,23.1614,-106.266,GENERAL RAFAEL BUELNA INTERNATIONAL,MAZATLAN,MEXICO,12.0
0.7228229,0.34418940000000003,41.4147,19.7206,TIRANA RINAS,TIRANA,ALBANIA,39.0
0.9360271000000001,0.1743275,53.6304,9.9882,HAMBURG,HAMBURG,GERMANY,17.0
0.7983642,0.28045349999999997,45.7429,16.0688,ZAGREB,ZAGREB,CROATIA,107.0
0.5867220999999999,1.2758216999999998,33.6167,73.0992,CHAKLALA,ISLAMABAD,PAKISTAN,508.0
0.8740208,0.3453099,50.0777,19.7848,BALICE JP II INTERNATIONAL AIRPORT,KRAKOW,POLAND,242.0
0.7658331,-1.5927299,43.879,-91.2567,DANE CO RGNL TRUAX FLD,MADISON,USA,271.0
0.7488859,-1.8581473000000002,42.908,-106.464,NATRONA CO INTERNATIONAL,CASPER,USA,1631.0
0.7822286999999999,0.35446059999999996,44.8184,20.3091,BEOGRAD,BEOGRAD,YUGOSLAVIA,103.0
0.7201874,-1.2721147,41.2637,-72.8868,IGOR I SIKORSKY MEM,STRATFORD,USA,3.0
0.3953991,1.5436861000000002,22.6547,88.4467,NETAJI SUBHASH CHANDRA BOSE INTERNATIONAL,CALCUTTA,INDIA,7.0
0.5624219,-1.4084371,32.2244,-80.6975,BEAUFORT MCAS,BEAUFORT,USA,11.0
0.6132825,-1.9490266,35.1385,-111.671,ERNEST A LOVE FLD,PRESCOTT,USA,1538.0
0.7065302,-1.8713072,40.4812,-107.218,CHEYENNE,CHEYENNE,USA,1877.0
0.1253279,1.3942406,7.1808,79.8841,BANDARANAIKE INTERNATIONAL,COLOMBO,SRI LANKA,9.0
0.24540900000000002,-1.5222273000000002,14.0609,-87.2172,TONCONTIN INTERNATIONAL,TEGUCIGALPA,HONDURAS,1005.0
0.9055641,0.0041015,51.885,0.235,STANSTED,LONDON,ENGLAND,107.0
0.19005940000000002,-1.3051712,10.8896,-74.7808,ERNESTO CORTISSOZ,BARRANQUILLA,COLOMBIA,30.0
1.0437120999999998,0.5281803,59.8003,30.2625,PULKOVO,ST. PETERSBURG,RUSSIA,25.0
0.8166587,-1.2460482,46.7911,-71.3933,QUEBEC JEAN LESAGE INTERNATIONAL,QUEBEC,CANADA,75.0
-0.6080448,-0.9779219000000001,-34.8384,-56.0308,CARRASCO INTERNATIONAL,MONTEVIDEO,URUGUAY,33.0
0.8408629999999999,-1.8088941000000003,48.1779,-103.642,SLOULIN FLD INTERNATIONAL,WILLISTON,USA,605.0
-0.2769692,-0.8363763000000001,-15.8692,-47.9208,PRESIDENTE JUSCELINO KUBITSCHEK,BRASILIA,BRAZIL,1061.0
0.61674,-1.6470218999999997,35.3366,-94.3674,FORT SMITH RGNL,FORT SMITH,USA,143.0
0.3143041,-1.1617436,18.0083,-66.563,MERCEDITA,PONCE,PUERTO RICO,8.0
0.6400978,-0.0785243,36.6749,-4.4991,MALAGA,MALAGA,SPAIN,16.0
0.316512,-1.1430789,18.1348,-65.4936,ROOSEVELT ROADS NS,ROOSEVELT ROADS,PUERTO RICO,12.0
0.7138153,0.511542,40.8986,29.3092,SAMANDIRA,ISTANBUL,TURKEY,122.0
0.1416021,1.7159537,8.1132,98.3169,PHUKET INTERNATIONAL,PHUKET,THAILAND,25.0
0.4521589,-1.7004028000000002,25.9068,-97.4259,BROWNSVILLE SOUTH PADRE ISLAND INTERNATIONAL,BROWNSVILLE,USA,7.0
0.9105521999999999,-1.8622663000000002,52.1708,-106.7,SASKATOON J G DIEFENBAKER INTERNATIONAL,SASKATOON,CANADA,504.0
0.9154931999999999,-0.0305089,52.4539,-1.748,BIRMINGHAM,BIRMINGHAM,ENGLAND,100.0
1.0184869,-2.3487944,58.355,-134.576,JUNEAU INTERNATIONAL,JUNEAU,USA,6.0
0.6216357,-1.8516023000000001,35.6171,-106.089,SANTA FE MUNI,SANTA FE,USA,1935.0
0.2127364,-1.2035756000000002,12.1889,-68.9598,HATO,WILLEMSTAD,ANTILLES,10.0
0.8490485999999999,-2.1541901,48.6469,-123.426,VICTORIA INTERNATIONAL,VICTORIA,CANADA,20.0
0.5699652,-2.0002521,32.6566,-114.606,YUMA MCAS YUMA INTERNATIONAL,YUMA,USA,65.0
0.6514738,-1.3823078000000002,37.3267,-79.2004,SMITH REYNOLDS,WINSTON-SALEM,USA,296.0
0.24469870000000002,-1.0645269,14.0202,-60.9929,GEORGE F L CHARLES,CASTRIES,ST. LUCIA ISLAND,7.0
0.3703798,1.8466805,21.2212,105.807,NOIBAI INTERNATIONAL,HANOI,VIET NAM,12.0
0.29246659999999997,-1.7410357,16.7571,-99.754,GENERAL JUAN N ALVAREZ INTERNATIONAL,ACAPULCO,MEXICO,5.0
0.20152620000000002,1.8298729999999999,11.5466,104.844,POCHENTONG INTERNATIONAL,PHNOM-PENH,CAMBODIA,13.0
0.5966478000000001,-1.3914445,34.1854,-79.7239,FLORENCE RGNL,FLORENCE,USA,45.0
0.9702546999999999,0.6503359000000001,55.5915,37.2615,VNUKOVO,MOSCOW,RUSSIA,210.0
0.655516,2.2129204,37.5583,126.791,GIMPO,SEOUL,KOREA,18.0
0.5675165,-1.4824635,32.5163,-84.9389,LAWSON AAF,FORT BENNING,USA,71.0
0.8802027,-1.8267663,50.4319,-104.666,REGINA INTERNATIONAL,REGINA,CANADA,578.0
0.8093876999999999,-2.042297,46.3745,-117.015,SPOKANE INTERNATIONAL,SPOKANE,USA,723.0
0.42643630000000005,0.9538416,24.433,54.6511,ABU DHABI INTERNATIONAL,ABU DHABI,UNITED ARAB EMIRATES,27.0
0.6464069,-1.9811286,37.0364,-113.5103,CEDAR CITY RGNL,CEDAR CITY,USA,1714.0
0.0007398,0.5662459,0.0424,32.4435,ENTEBBE INTERNATIONAL,ENTEBBE,UGANDA,1153.0
0.7523643,-1.3778711000000001,43.1073,-78.9462,NIAGARA FALLS INTERNATIONAL,NIAGARA FALLS,USA,180.0
0.6721088000000001,-2.1434912999999995,38.509,-122.813,TRAVIS AFB,FAIRFIELD,USA,19.0
0.30720590000000003,-1.7708285,17.6016,-101.461,IXTAPA ZIHUATANEJO INTERNATIONAL,ZIHUATANEJO,MEXICO,7.0
0.6954107,-1.5651747,39.8441,-89.6779,LAMBERT ST LOUIS INTERNATIONAL,ST. LOUIS,USA,185.0
-0.30636990000000003,-2.6111346,-17.5537,-149.607,TEMAE,MOOREA,FRENCH POLYNESIA,3.0
0.28478190000000003,-1.5101113000000002,16.3168,-86.523,ROATAN,ROATAN,HONDURAS,6.0
0.6008697,2.3604532000000003,34.4273,135.244,YAO,OSAKA,JAPAN,12.0
0.6219515999999999,-1.3506283000000001,35.6352,-77.3853,GOLDSBORO WAYNE MUNI,GOTHA OST,GERMANY,41.0
0.1134211,-1.0167259,6.4986,-58.2541,LINDEN,LINDEN,GUYANA,55.0
0.6696251999999999,-1.4409089,38.3667,-82.558,RICKENBACKER INTERNATIONAL,COLUMBUS,USA,227.0
0.8090229,-1.5253375,46.3536,-87.3954,SAWYER INTERNATIONAL,GWINN,USA,373.0
0.7072022,0.4009178,40.5197,22.9709,MAKEDONIA,THESSALONIKI,GREECE,7.0
0.48073,-1.7359324,27.5438,-99.4616,LAREDO INTERNATIONAL,LAREDO,USA,155.0
-0.3425111,-0.7674552,-19.6244,-43.9719,TANCREDO NEVES,BELO HORIZONTE,BRAZIL,828.0
0.0839969,-1.3219036,4.8127,-75.7395,MATECANA,PEREIRA,COLOMBIA,1346.0
0.7581583000000001,0.09113099999999999,43.4393,5.2214,PROVENCE,MARSEILLE,FRANCE,23.0
0.5372560000000001,-1.4534527,30.7825,-83.2767,MOODY AFB,VALDOSTA,USA,72.0
0.5466598000000001,-1.4913769,31.3213,-85.4496,DOTHAN RGNL,DOTHAN,USA,123.0
0.669168,-1.3179033000000002,38.3405,-75.5103,SALISBURY OCEAN CITY WICOMICO RGNL,SALISBURY,USA,16.0
0.9142035,0.2360121,52.38,13.5225,SCHONEFELD,BERLIN,GERMANY,48.0
0.6721228,-1.8831055,38.5098,-107.894,DURANGO LA PLATA CO,DURANGO,USA,2038.0
-0.5574634,2.024006,-31.9403,115.967,PERTH INTERNATIONAL,PERTH,AUSTRALIA,21.0
0.5646856,-1.6650859,32.3541,-95.4024,TYLER POUNDS RGNL,TYLER,USA,166.0
0.5338718000000001,-1.6818656000000003,30.5886,-96.3638,EASTERWOOD FLD,COLLEGE STATION,USA,98.0
0.8127684000000001,-2.1038897,46.5682,-120.544,GRANT CO INTERNATIONAL,GRANT COUNTY AIRPORT,USA,362.0
0.7980762,0.08885169999999999,45.7264,5.0908,SAINT EXUPERY,LYON,FRANCE,251.0
0.20951279999999997,-1.0783726,12.0042,-61.7862,POINT SALINES INTERNATIONAL,POINT SALINES,GRENADA,13.0
0.7772894,0.197025,44.5354,11.2887,BOLOGNA,BOLOGNA,ITALY,38.0
0.5257996,-1.6270535,30.1261,-93.2233,LAKE CHARLES RGNL,LAKE CHARLES,USA,5.0
0.7007026,0.7748546,40.1473,44.3959,ZVARTNOTS,YEREVAN,RUSSIA,866.0
0.4375436,2.1214826,25.0694,121.552,SUNGSHAN,TAIPEI,TAIWAN,6.0
0.7770241,-1.9028278000000003,44.5202,-109.024,NATRONA CO INTERNATIONAL,CASPER,USA,1631.0
0.14804089999999998,1.342509,8.4821,76.9201,THIRUVANANTHAPURAM INTERNATIONAL,TRIVANDRUM,INDIA,5.0
0.45720299999999997,2.227843,26.1958,127.646,NAHA,NAHA,JAPAN,4.0
0.8020626000000001,-1.9634431,45.9548,-112.497,HELENA RGNL,HELENA,USA,1182.0
-0.3098902,3.0969645,-17.7554,177.443,NADI INTERNATIONAL,NANDI,FIJI,18.0
0.3788342,-1.785786,21.7056,-102.318,JESUS TERAN INTERNATIONAL,AGUASCALIENTES,MEXICO,1863.0
0.7793053000000001,-1.2822603000000001,44.6509,-73.4681,PLATTSBURGH INTERNATIONAL,PLATTSBURGH,USA,72.0
0.8272669,-2.0980079,47.3989,-120.207,GRANT CO INTERNATIONAL,GRANT COUNTY AIRPORT,USA,362.0
0.9935042,0.4183746,56.9236,23.9711,PARNU,PARNU,ESTONIA,15.0
0.9535450000000001,0.4413205,54.6341,25.2858,MINSK 1,MINSK,RUSSIA,229.0
0.8639153,0.1931538,49.4987,11.0669,NURNBERG,NUERNBERG,GERMANY,319.0
0.3654196,-1.5648221000000002,20.937,-89.6577,LICENCIADO MANUEL CRECENCIO REJON INTERNATIONAL,MERIDA,MEXICO,11.0
-0.39986370000000004,-0.7533382,-22.9105,-43.1631,SANTOS DUMONT,RIO DE JANEIRO,BRAZIL,4.0
0.2967042,-1.6881977,16.9999,-96.7266,XOXOCOTLAN INTERNATIONAL,OAXACA,MEXICO,1528.0
0.4526529,2.0885133999999996,25.9351,119.663,CHANGLE,FUZHOU,CHINA,15.0
0.7932364000000001,-1.7177843999999998,45.4491,-98.4218,HURON RGNL,HURON,USA,393.0
0.7152028,-2.1661107000000004,40.9781,-124.109,CHICO MUNI,CHICO,USA,73.0
0.6662969,0.228481,38.176,13.091,PALERMO,PALERMO,ITALY,20.0
0.4112449000000001,-1.3243208999999998,23.5626,-75.878,EXUMA INTERNATIONAL,GREAT EXUMA,BAHAMAS,3.0
0.5503983,-1.4694713,31.5355,-84.1945,MOODY AFB,VALDOSTA,USA,72.0
0.7199151999999999,-0.15151879999999998,41.2481,-8.6814,PORTO,PORTO,ACORES,70.0
0.8718984000000001,-2.0835391,49.9561,-119.378,KELOWNA,KELOWNA,CANADA,430.0
-0.5467,-1.120641,-31.3236,-64.208,AMBROSIO L V TARAVELLA,CORDOBA,ARGENTINA,489.0
0.6539189999999999,0.26295830000000003,37.4668,15.0664,CATANIA FONTANAROSSA,CATANIA,ITALY,13.0
0.7624279,0.1813868,43.6839,10.3927,PISA,PISA,ITALY,3.0
-0.4455564,-0.8582796,-25.5285,-49.1758,AFONSO PENA,CURITIBA,BRAZIL,911.0
0.7414473,-1.9981925,42.4818,-114.488,MOUNTAIN HOME AFB,MOUNTAIN HOME,USA,914.0
0.3219225,-1.1264878,18.4448,-64.543,TERRANCE B LETTSOME INTERNATIONAL,ROADTOWN/BEEF ISLAND,VIRGIN ISL.,5.0
0.5679493,-2.0415116,32.5411,-116.97,GENERAL ABELARDO L RODRIGUEZ INTERNATIONAL,TIJUANA,MEXICO,153.0
0.2572563,-0.3052616,14.7397,-17.4902,LEOPOLD SEDAR SENGHOR INTERNATIONAL,DAKAR,SENEGAL,26.0
0.6892183000000001,-0.0084059,39.4893,-0.4816,VALENCIA,VALENCIA,SPAIN,69.0
1.0064057,0.21432289999999998,57.6628,12.2798,LANDVETTER,GOTHENBORG,SWEDEN,155.0
0.7830559,-1.5967022,44.8658,-91.4843,MINNEAPOLIS ST PAUL INTERNATIONAL,MINNEAPOLIS,USA,257.0
0.9532656999999999,-0.10249449999999999,54.6181,-5.8725,CITY,BELFAST,NORTH IRELAND,5.0
0.7740343000000001,-1.8420031000000003,44.3489,-105.539,NATRONA CO INTERNATIONAL,CASPER,USA,1631.0
0.8311013,-0.9206943000000001,47.6186,-52.7519,ST JOHNS INTERNATIONAL,ST. JOHN'S,CANADA,141.0
0.8693921,0.41811279999999995,49.8125,23.9561,LVIV,LVOV,RUSSIA,328.0
0.940427,0.489228,53.8825,28.0307,MINSK 2,MINSK 2,RUSSIA,204.0
-0.3079599,-1.1019206,-17.6448,-63.1354,VIRU VIRU INTERNATIONAL,SANTA CRUZ,BOLIVIA,374.0
0.4355923,0.8150478,24.9576,46.6988,KING KHALED INTERNATIONAL,RIYADH,SAUDI ARABIA,625.0
0.7592949999999999,-1.9948415000000002,43.5044,-114.296,MOUNTAIN HOME AFB,MOUNTAIN HOME,USA,914.0
0.7598971,0.2844538,43.5389,16.298,SPLIT,SPLIT,CROATIA,25.0
1.0330028,0.1790464,59.1867,10.2586,TORP,TORP,NORWAY,88.0
0.9661375,-2.298843,55.3556,-131.714,KETCHIKAN INTERNATIONAL,KETCHIKAN,USA,30.0
0.7489173000000001,-1.9651709,42.9098,-112.596,HILL AFB,OGDEN,USA,1460.0
0.36587159999999996,-2.7344597999999998,20.9629,-156.673,KAPALUA,LAHANIA-KAPALUA,USA,79.0
0.5101004,0.8372152,29.2266,47.9689,KUWAIT INTERNATIONAL,KUWAIT,KUWAIT,63.0
0.6903074,0.047801300000000005,39.5517,2.7388,PALMA DE MALLORCA,PALMA DE MALLORCA,SPAIN,10.0
0.337496,-1.7377546000000001,19.3371,-99.566,LICENCIADO ADOLFO LOPEZ MATEOS INTERNATIONAL,TOLUCA,MEXICO,2578.0
0.3021374,-1.0946478000000002,17.3112,-62.7187,ROBERT L BRADSHAW,BASSE TERRE,ST. KITTS & NEVIS,52.0
-0.22529780000000002,-0.6688538,-12.9086,-38.3225,DEPUTADO LUIS EDUARDO MAGALHAES,SALVADOR,BRAZIL,20.0
0.8877773999999999,0.1246643,50.8659,7.1427,KOLN BONN,COLOGNE,GERMANY,93.0
0.5534369,1.3054591999999998,31.7096,74.7973,AMRITSAR,AMRITSAR,INDIA,231.0
0.7953621999999999,-1.4799816000000001,45.5709,-84.7967,SAULT STE MARIE,SAULT SAINTE MARIE,CANADA,193.0
0.7428366,0.3188402,42.5614,18.2682,DUBROVNIK,DUBROVNIK,CROATIA,161.0
-0.0598545,0.6470720999999999,-3.4294,37.0745,KILIMANJARO INTERNATIONAL,KILIMANJARO,TANZANIA,894.0
-0.285206,-1.2493608,-16.3411,-71.5831,RODRIGUEZ BALLON,AREQUIPA,PERU,2593.0
0.5838178,-1.5462116000000001,33.4503,-88.5914,COLUMBUS AFB,COLOMBUS,USA,67.0
0.7964147,-1.5615024,45.6312,-89.4675,YALINGA,YALINGA,CENTRAL AFRICAN REP.,464.0
0.8291954,-1.6569056,47.5094,-94.9337,BAUDETTE INTERNATIONAL,BAUDETTE,USA,332.0
0.1940736,-1.2955683999999998,11.1196,-74.2306,SIMON BOLIVAR,SANTA MARTA,COLOMBIA,7.0
0.8072288000000001,-1.4743215,46.2508,-84.4724,SAULT STE MARIE,SAULT SAINTE MARIE,CANADA,193.0
0.7535215000000001,-1.3951288999999998,43.1736,-79.935,HAMILTON,HAMILTON,CANADA,238.0
0.4627112,-1.3453608999999997,26.5114,-77.0835,MARSH HARBOUR,MARSH HARBOR,BAHAMAS,4.0
0.7259557,-1.9035433999999998,41.5942,-109.065,HILL AFB,OGDEN,USA,1460.0
0.6530673,-0.10285419999999999,37.418,-5.8931,SEVILLA,SEVILLA,SPAIN,34.0
0.7614715,0.023803099999999997,43.6291,1.3638,BLAGNAC,TOULOUSE,FRANCE,153.0
0.44088940000000004,0.8999808000000001,25.2611,51.5651,DOHA INTERNATIONAL,DOHA,QATAR,11.0
0.3598398,-1.7485755,20.6173,-100.186,INGENIERO F ESPINOZA GUTIERREZ INTERNATIONAL,QUERETARO,MEXICO,1970.0
0.6083938,2.3876976,34.8584,136.805,NAGOYA,NAGOYA,JAPAN,16.0
0.9156190000000001,0.1690365,52.4611,9.6851,HANNOVER,HANNOVER,GERMANY,56.0
0.4012372,-1.4383101999999999,22.9892,-82.4091,JOSE MARTI INTERNATIONAL,HAVANA,CUBA,65.0
-0.141834,-0.6095318000000001,-8.1265,-34.9236,GUARARAPES,RECIFE,BRAZIL,11.0
0.33415900000000004,-1.6787851000000003,19.1459,-96.1873,GENERAL HERIBERTO JARA INTERNATIONAL,VERA CRUZ,MEXICO,33.0
0.545569,-1.4218586000000002,31.2588,-81.4665,WRIGHT AAF,WRIGHT,USA,15.0
0.9048014000000001,-0.1481978,51.8413,-8.4911,CORK,CORK,IRELAND,154.0
0.8661475000000001,0.1084115,49.6266,6.2115,FINDEL INTERNATIONAL AIRPORT,LUXEMBURG,LUXEMBURG,377.0
0.2117259,-1.1915101000000001,12.131,-68.2685,FLAMINGO,KRALENDIJK,ANTILLES,7.0
-0.7590332,3.0112514,-43.4894,172.532,CHRISTCHURCH INTERNATIONAL,CHRISTCHURCH,NEW ZEALAND,38.0
0.7557468,-0.050799699999999996,43.3011,-2.9106,BILBAO,BILBAO,SPAIN,43.0
0.6091006999999999,-2.1023713,34.8989,-120.457,VANDENBERG AFB,LOMPOC,USA,112.0
0.7029470999999999,-1.3858752,40.2759,-79.4048,PITTSBURGH INTERNATIONAL,PITTSBURGH (PENNSYLVA),USA,367.0
0.7980116,-1.5200718,45.7227,-87.0937,SAWYER INTERNATIONAL,GWINN,USA,373.0
0.7200024,-1.2227812,41.2531,-70.0602,NANTUCKET MEM,NANTUCKET,USA,15.0
-0.44052109999999994,-1.0039134,-25.24,-57.52,SILVIO PETTIROSSI INTERNATIONAL,ASUNCION,PARAGUAY,90.0
0.8098031,-1.6430198,46.3983,-94.1381,PRINCETON MUNI,PRINCETON,USA,299.0
0.7070154000000001,-2.1344155,40.509,-122.293,CHICO MUNI,CHICO,USA,73.0
0.6071215,2.3638391,34.7855,135.438,OSAKA INTERNATIONAL,OSAKA,JAPAN,16.0
0.8305952,0.1314217,47.5896,7.5299,BALE MULHOUSE,MULHOUSE,FRANCE,270.0
0.6566941,-2.1110456,37.6258,-120.954,MODESTO CITY CO HARRY SHAM,MODESTO,USA,30.0
-0.523501,-0.8931094,-29.9944,-51.1714,SALGADO FILHO,PORTO ALEGRE,BRAZIL,4.0
0.7125289,-2.0209516,40.8249,-115.792,WENDOVER,WENDOVER,USA,1291.0
0.6086853,0.5868651999999999,34.8751,33.6249,LARNACA,LARNACA,CYPRUS,3.0
0.7889028,0.1335112,45.2008,7.6496,TORINO,TORINO,ITALY,302.0
0.8103005,0.5354059,46.4268,30.6765,ODESA,ODESSA,RUSSIA,53.0
0.7534499,-1.5051405,43.1695,-86.2382,GERALD R FORD INTERNATIONAL,GRAND RAPIDS,USA,242.0
0.8476401,-1.6301916,48.5662,-93.4031,FALLS INTERNATIONAL,INTERNATIONAL FALLS,USA,362.0
0.0731612,1.2833249,4.1918,73.5291,MALE INTERNATIONAL,MALE,MALDIVES,2.0
-0.06590850000000001,-0.6725207,-3.7763,-38.5326,PINTO MARTINS INTERNATIONAL,FORTALEZA,BRAZIL,25.0
0.7511129,-1.4164028,43.0356,-81.1539,LONDON,LONDON,CANADA,278.0
0.5336955,1.8142174,30.5785,103.947,SHUANGLIU,CHENGDU,CHINA,495.0
0.6725434,-1.8663328999999997,38.5339,-106.933,DURANGO LA PLATA CO,DURANGO,USA,2038.0
-0.28821149999999995,-1.1901801,-16.5133,-68.1923,EL ALTO INTERNATIONAL,LA PAZ,BOLIVIA,4058.0
0.7198051999999999,-1.3425264,41.2418,-76.9211,WILLIAMSPORT RGNL,WILLIAMSPORT,USA,162.0
0.36277719999999997,-2.7393118,20.7856,-156.951,LANAI,LANAI,USA,399.0
0.7867611999999999,-1.4584024,45.0781,-83.5603,OSCODA WURTSMITH,OSCODA,USA,194.0
0.8048097,-1.1288545,46.1122,-64.6786,GREATER MONCTON INTERNATIONAL,MONCTON,CANADA,71.0
0.458512,0.8837229999999999,26.2708,50.6336,BAHRAIN INTERNATIONAL,BAHRAIN,BAHRAIN,2.0
0.8796755999999999,0.5314475000000001,50.4017,30.4497,ZHULIANY,KIEV,RUSSIA,179.0
0.7648835999999999,0.319945,43.8246,18.3315,SARAJEVO,SARAJEVO,BOSNIA-HERCEGOVINA,521.0
0.8158350000000001,-2.0439551,46.7439,-117.11,SPOKANE INTERNATIONAL,SPOKANE,USA,723.0
-0.12004569999999999,0.6842144,-6.8781,39.2026,DAR ES SALAAM,DAR ES SALAAM,TANZANIA,56.0
0.0699193,0.16963689999999998,4.0061,9.7195,DOUALA,DOUALA,CAMEROON,11.0
0.6580066,-1.9739499,37.701,-113.099,CEDAR CITY RGNL,CEDAR CITY,USA,1714.0
-0.4829375,-0.8474010000000001,-27.6703,-48.5525,HERCILIO LUZ,FLORIANOPOLIS,BRAZIL,6.0
0.6566644,-2.0741143,37.6241,-118.838,FRESNO YOSEMITE INTERNATIONAL,FRESNO,USA,103.0
-0.09085750000000001,-1.4070216,-5.2058,-80.6164,CAPITAN CONCHA,PIURA,PERU,54.0
0.3220255,-1.2027377000000001,18.4507,-68.9118,LA ROMANA INTERNATIONAL,LA ROMANA,DOMINICAN REPUBLIC,71.0
0.8232439,-1.5444261000000001,47.1684,-88.4891,SAWYER INTERNATIONAL,MARQUETTE,USA,433.0
0.2720881,0.5681605,15.5895,32.5532,KHARTOUM,KHARTOUM,SUDAN,385.0
0.799682,-1.5378882,45.8184,-88.1145,SAWYER INTERNATIONAL,GWINN,USA,373.0
0.7003675,0.5758731,40.1281,32.9951,ESENBOGA,ANKARA,TURKEY,953.0
0.29508809999999996,1.6778408999999999,16.9073,96.1332,YANGON INTERNATIONAL,YANGON,MYANMAR,34.0
0.7824014,-0.0124888,44.8283,-0.7156,MERIGNAC,BORDEAUX,FRANCE,50.0
0.6258314,0.25268,35.8575,14.4775,LUQA,MALTA,MALTA,92.0
0.2713463,-1.0698868000000001,15.547,-61.3,MELVILLE HALL,DOMINICA,DOMINICA,23.0
-0.2902832,-0.8590633,-16.632,-49.2207,SANTA GENOVEVA,GOIANIA,BRAZIL,747.0
0.8045076999999999,-2.0645151000000004,46.0949,-118.288,GRANT CO INTERNATIONAL,GRANT COUNTY AIRPORT,USA,362.0
0.3341398,-1.8248988000000002,19.1448,-104.559,PLAYA DE ORO INTERNATIONAL,MANZANILLO,MEXICO,11.0
0.8270521999999999,-1.6203462,47.3866,-92.839,CHISHOLM HIBBING,HIBBING,USA,413.0
0.6925239000000001,-1.3195823,39.6787,-75.6065,NEW CASTLE CO,WILMINGTON,USA,25.0
0.7323681,0.3773646,41.9616,21.6214,SKOPJE,SKOPJE,FORMER MACEDONIA,239.0
0.36918779999999995,-2.7418423,21.1529,-157.096,MOLOKAI,MOLOKAI,USA,139.0
0.646833,-1.5493952,37.0608,-88.7738,CAMPBELL AAF,HOPKINSVILLE,USA,175.0
0.7224459,-1.2324521000000002,41.3931,-70.6143,OTIS ANGB,FALMOUTH,USA,40.0
0.9605855999999999,-0.0295252,55.0375,-1.6917,NEWCASTLE,NEWCASTLE,ENGLAND,82.0
0.46200959999999996,0.8691373,26.4712,49.7979,KING FAHD INTERNATIONAL,DAMMAM,SAUDI ARABIA,22.0
0.8079129,-1.1016709999999998,46.29,-63.1211,CHARLOTTETOWN,CHARLOTTETOWN,CANADA,49.0
-0.6639126999999999,2.5214596,-38.0394,144.469,AVALON,AVALON,AUSTRALIA,11.0
0.6431713000000001,0.1784983,36.851,10.2272,CARTHAGE,TUNIS,TUNISIA,7.0
0.8167687,-1.7942334,46.7974,-102.802,SLOULIN FLD INTERNATIONAL,WILLISTON,USA,605.0
0.7183025,-1.8293144000000001,41.1557,-104.812,CHEYENNE,CHEYENNE,USA,1877.0
0.9539534,-0.10848669999999999,54.6575,-6.2158,ALDERGROVE,BELFAST,NORTH IRELAND,82.0
0.7430355,0.367144,42.5728,21.0358,PRISTINA,PRISTINA,YUGOSLAVIA,546.0
0.32754240000000007,1.7272232,18.7668,98.9626,LAMPANG,LAMPANG,THAILAND,247.0
-0.6099053000000001,2.4178222000000003,-34.945,138.531,ADELAIDE INTERNATIONAL,ADELAIDE,AUSTRALIA,7.0
0.6403788,0.0561195,36.691,3.2154,HOUARI BOUMEDIENE,ALGIER,ALGERIA,25.0
0.7751583000000001,0.1542435,44.4133,8.8375,GENOVA SESTRI,GENOA,ITALY,4.0
0.7923044,0.1900402,45.3957,10.8885,VILLAFRANCA,VILLAFRANCA,ITALY,73.0
0.21962529999999997,-1.4261295,12.5836,-81.7112,GUSTAVO ROJAS PINILLA,SAN ANDRES ISLAND,COLOMBIA,6.0
-0.053033699999999996,-1.048065,-3.0386,-60.0497,EDUARDO GOMES INTERNATIONAL,MANAUS,BRAZIL,81.0
0.7267515999999999,2.155185,41.6398,123.483,ZHOUSHUIZI,DALIAN,CHINA,33.0
0.2353297,2.527167,13.4834,144.796,GUAM INTERNATIONAL,AGANA,MARIANA ISLANDS,91.0
0.8190429,0.5049412,46.9277,28.931,CHISINAU,KICHINAU FIR/ACC/COM,MOLDOVA,122.0
-0.5730213000000001,-1.2006626,-32.8317,-68.7929,EL PLUMERILLO,MENDOZA,ARGENTINA,705.0
0.6945607,-2.1268233,39.7954,-121.858,CHICO MUNI,CHICO,USA,73.0
0.9401373,-0.028982400000000002,53.8659,-1.6606,LEEDS BRADFORD,LEEDS,ENGLAND,208.0
-0.10317370000000001,-0.6151884,-5.9114,-35.2477,AUGUSTO SEVERO,NATAL,BRAZIL,52.0
0.5227400999999999,-1.6409707999999998,29.9508,-94.0207,SOUTHEAST TEXAS RGNL,BEAUMONT,USA,5.0
0.194599,-1.0617222,11.1497,-60.8322,CROWN POINT,SCARBOROUGH,TRINIDAD & TOBAGO,11.0
-0.28700890000000007,-2.6485547,-16.4444,-151.751,BORA BORA,BORA BORA,FRENCH POLYNESIA,4.0
0.6376050999999999,-1.6266564,36.5321,-93.2005,BOONE CO,HARRISON,USA,417.0
0.7108203000000001,-1.7279946,40.727,-99.0068,LINCOLN MUNI,LINCOLN,USA,372.0
0.6412549,-1.8889699,36.7412,-108.23,FOUR CORNERS RGNL,FARMINGTON,USA,1679.0
0.6678293000000001,-1.377002,38.2638,-78.8964,ELKINS RANDOLPH CO JENNINGS RANDOLPH,ELKINS,USA,606.0
0.1088002,-0.1808563,6.2338,-10.3623,MONROVIA ROBERTS INTERNATIONAL,MONROVIA,LIBERIA,10.0
-0.312969,0.5426717,-17.9318,31.0928,HARARE INTERNATIONAL,HARARE,ZIMBABWE,1490.0
0.6624188,-1.8833498,37.9538,-107.908,DURANGO LA PLATA CO,DURANGO,USA,2038.0
0.4201479,-1.9261803,24.0727,-110.362,GENERAL MANUEL MARQUEZ DE LEON INTERNATIONAL,LA PAZ,MEXICO,28.0
-0.41235340000000004,-0.8143076,-23.6261,-46.6564,CONGONHAS,SAO PAULO,BRAZIL,802.0
0.6918991,-1.3948025,39.6429,-79.9163,ELKINS RANDOLPH CO JENNINGS RANDOLPH,ELKINS,USA,606.0
0.7272648,0.7846075,41.6692,44.9547,LOCHINI,TBILISI,GEORGIA,495.0
-0.2947128,2.5439047,-16.8858,145.755,CAIRNS INTERNATIONAL,CAIRNS,AUSTRALIA,4.0
0.6352859000000001,0.4446977,36.3992,25.4793,SANTORINI,SANTORINI,GREECE,40.0
1.0523183,0.0910737,60.2934,5.2181,BERGEN FLESLAND,BERGEN,NORWAY,51.0
0.7532456999999999,-1.6289385,43.1578,-93.3313,FORT DODGE RGNL,FORT DODGE,USA,353.0
-0.1410472,-1.3807091,-8.0814,-79.1088,CAPITAN CARLOS MARTINEZ DE PINILLOS,TRUJILLO,PERU,23.0
0.5516445,-0.1402599,31.6069,-8.0363,MENARA,MARRAKECH,MOROCCO,468.0
1.0369576999999999,0.43341409999999997,59.4133,24.8328,TALLINN,TALLINN-ULEMISTE INTERNATIONAL,ESTONIA,41.0
0.8967973,-0.047457099999999995,51.3827,-2.7191,BRISTOL,BRISTOL,ENGLAND,190.0
1.0359296999999998,0.31314169999999997,59.3544,17.9417,BROMMA,STOCKHOLM,SWEDEN,15.0
-0.3535698,-0.7031301,-20.2581,-40.2864,GOIABEIRAS,VITORIA,BRAZIL,4.0
0.38841079999999994,-1.7615783,22.2543,-100.931,PONCIANO ARRIAGA INTERNATIONAL,SAN LUIS POTOSI,MEXICO,1851.0
0.6139981,2.2503927000000004,35.1795,128.938,GIMHAE INTERNATIONAL,KIMHAE,KOREA,4.0
0.5861845,2.2767995,33.5859,130.451,FUKUOKA,FUKUOKA,JAPAN,10.0
0.7378484000000001,-1.4478483,42.2756,-82.9556,WINDSOR,WINDSOR,CANADA,190.0
0.7813699000000001,-1.8671533,44.7692,-106.98,NATRONA CO INTERNATIONAL,CASPER,USA,1631.0
0.4117808,1.0172546999999998,23.5933,58.2844,SEEB INTERNATIONAL,MUSCAT,OMAN,15.0
0.6681504,-0.0097417,38.2822,-0.5582,ALICANTE,ALICANTE,SPAIN,44.0
0.8067558000000001,0.2523327,46.2237,14.4576,LJUBLJANA,LJUBLIANA,SLOVENIA,389.0
0.4446209,-1.3383796000000001,25.4749,-76.6835,NORTH ELEUTHERA,NORTH ELEUTHERA,BAHAMAS,2.0
0.7583438,0.6973741999999999,43.4499,39.9566,SOCHI,SOCHI,RUSSIA,28.0
0.1503852,-0.2303049,8.6164,-13.1955,FREETOWN LUNGI,FREETOWN,SIERRA LEONE,26.0
0.5943108,-0.1178363,34.0515,-6.7515,SALE,RABAT,MOROCCO,85.0
0.7746243,-1.7503209,44.3827,-100.286,HURON RGNL,HURON,USA,393.0
0.6324654000000001,0.7673026,36.2376,43.9632,SAHAND,MARAGHEH,IRAN,1340.0
0.9887866,-1.9411901000000003,56.6533,-111.222,FORT MCMURRAY,FORT MCMURRAY,CANADA,370.0
-0.7212957,3.0509227,-41.3272,174.805,WELLINGTON INTERNATIONAL,WELLINGTON,NEW ZEALAND,13.0
0.27533090000000005,-1.6800993999999998,15.7753,-96.2626,BAHIAS DE HUATULCO INTERNATIONAL,BAHIAS DEHUATULCO,MEXICO,143.0
0.1243638,2.1929365,7.1255,125.646,GENERAL SANTOS,CUBI NAS,PHILIPPINES,9.0
0.9956596999999999,-2.3625126,57.0471,-135.362,SITKA ROCKY GUTIERREZ,SITKA,USA,8.0
0.9983615,-0.0383585,57.2019,-2.1978,DYCE,ABERDEEN,UK,66.0
0.3139551,1.7900620999999999,17.9883,102.563,WATTAY INTERNATIONAL,VIENTIANE,LAOS,172.0
0.6329629,2.1009226,36.2661,120.374,LIUTING,QINGDAO,CHINA,10.0
0.7577713,-2.1685017999999996,43.4171,-124.246,MC MINNVILLE MUNI,MACKMINNVILLE,USA,50.0
0.5372786999999999,1.9933056,30.7838,114.208,TIANHE,WUHAN,CHINA,36.0
0.5078192,-1.9381532,29.0959,-111.048,GENERAL IGNACIO P GARCIA INTERNATIONAL,HERMOSILLO,MEXICO,197.0
0.8442489,-1.5589961,48.3719,-89.3239,THUNDER BAY,THUNDER BAY,CANADA,200.0
0.7002558000000001,-1.3316181,40.1217,-76.2961,HARRISBURG INTERNATIONAL,HARRISBURG,USA,95.0
0.6682709,-1.8238167,38.2891,-104.497,PUEBLO MEM,PUEBLO MEMORIAL,USA,1441.0
0.5009601,-1.8494381000000002,28.7029,-105.965,GENERAL R FIERRO VILLALOBOS INTERNATIONAL,CHIHUAHUA,MEXICO,1361.0
0.7357628,-2.1246417,42.1561,-121.733,CHICO MUNI,CHICO,USA,73.0
0.9258535,0.1533563,53.0475,8.7867,BREMEN,BREMEN,GERMANY,5.0
0.6858550999999999,-1.4002446000000002,39.2966,-80.2281,ELKINS RANDOLPH CO JENNINGS RANDOLPH,ELKINS,USA,606.0
0.5805402,0.7720394,33.2625,44.2346,SADDAM INTERNATIONAL,BAGHDAD,IRAQ,35.0
0.5980911999999999,-1.5493270000000001,34.2681,-88.7699,COLUMBUS AFB,COLOMBUS,USA,67.0
0.3940447,2.1005037,22.5771,120.35,KAOHSIUNG INTERNATIONAL,KAOHSIUNG,TAIWAN,10.0
0.8919103999999999,0.2947128,51.1027,16.8858,STRACHOWICE,WROCLAW,POLAND,124.0
-0.11846389999999998,-1.3932632,-6.7875,-79.8281,CAPT JOSE ABELARDO QUINONES GONZALES,CHICLAYO,PERU,29.0
0.4875036,-0.2685468,27.9319,-15.3866,GRAN CANARIA,GRAN CANARIA,CANARY ISLANDS,24.0
0.6338809,-2.0838009,36.3187,-119.393,LEMOORE NAS,LEMOORE,USA,72.0
0.3996298,-1.7922262,22.8971,-102.687,GENERAL LEOBARDO C RUIZ INTERNATIONAL,ZACATECAS,MEXICO,2141.0
-0.0660562,-1.2794799,-3.7847,-73.3088,CORONEL FAP FRANCISCO SECADA VIGNETTA,IQUITOS,PERU,94.0
0.9490681999999999,0.322296,54.3776,18.4662,REBIECHOWO,GDANSK,POLAND,149.0
0.8165557,0.4134022,46.7852,23.6862,SOMESENI,CLUJ-NAPOCA,ROMANIA,316.0
0.09182860000000001,-0.0685267,5.2614,-3.9263,ABIDJAN FELIX HOUPHOUET BOIGNY INTERNATIONAL,ABIDJAN,IVORY COAST,7.0
0.5705045,-1.8014765,32.6875,-103.217,LEA CO RGNL,HOBBS,USA,1116.0
0.26844559999999995,1.288601,15.3808,73.8314,GOA,GOA,INDIA,57.0
0.26504570000000005,2.1041689,15.186,120.56,BASA AB,FLORIDABLANCA,PHILIPPINES,47.0
0.4971169,-0.285213,28.4827,-16.3415,TENERIFE NORTE,TENERIFE,CANARY ISLANDS,632.0
0.5643103,-1.5490129,32.3326,-88.7519,MERIDIAN NAS,MERIDIAN,USA,97.0
0.6930335999999999,-1.3566357,39.7079,-77.7295,ALTOONA BLAIR CO,ALTOONA,USA,459.0
0.08753680000000001,0.1212932,5.0155,6.9496,PORT HARCOURT INTERNATIONAL,PORT HARTCOURT,NIGERIA,25.0
0.6784601,0.0239655,38.8729,1.3731,IBIZA,IBIZA,SPAIN,7.0
0.6867015000000001,-1.4213822,39.3451,-81.4392,RICKENBACKER INTERNATIONAL,COLUMBUS,USA,227.0
-0.1135989,-1.3329638000000001,-6.5087,-76.3732,TARAPOTO,TARAPOTO,PERU,275.0
0.8005633000000001,-1.1612931999999998,45.8689,-66.5372,FREDERICTON,FREDERICTON,CANADA,21.0
0.660752,-1.4032360000000001,37.8583,-80.3995,ELKINS RANDOLPH CO JENNINGS RANDOLPH,ELKINS,USA,606.0
0.8148768,-1.1876058,46.689,-68.0448,NORTHERN MAINE RGNL AT PRESQUE ISLE,PRESQUE ISLE,USA,163.0
0.9000906999999999,0.0121397,51.5714,0.6956,SOUTHEND,SOUTHEND,ENGLAND,15.0
0.7200861999999999,1.209185,41.2579,69.2812,YUZHNY,TASHKENT,UZBEKISTAN,431.0
0.7180093000000001,0.2925276,41.1389,16.7606,PALESE MACCHIE,BARI,ITALY,54.0
0.7210321999999999,-1.8443767,41.3121,-105.675,CHEYENNE,CHEYENNE,USA,1877.0
-0.5168696,0.5431416,-29.6144,31.1197,VIRGINIA,DURBAN,SOUTH AFRICA,7.0
0.4535971,-1.9433892,25.9892,-111.348,LORETO INTERNATIONAL,LORETO,MEXICO,4.0
0.7292021,-2.1683447,41.7802,-124.237,CHICO MUNI,CHICO,USA,73.0
-0.034359100000000004,0.5260335,-1.9686,30.1395,KIGALI INTERNATIONAL,KIGALI,RWANDA,1492.0
0.7757989000000001,-1.1931333,44.45,-68.3615,BANGOR INTERNATIONAL,BANGOR,USA,59.0
0.7585341,-1.4028711999999999,43.4608,-80.3786,WATERLOO RGNL,WATERLOO,CANADA,317.0
0.22941129999999998,-1.0683316999999999,13.1443,-61.2109,E T JOSHUA,KINGSTOWN,ST.VINCENT/GRENADINES,21.0
0.31862209999999996,-1.1719624,18.2557,-67.1485,EUGENIO MARIA DE HOSTOS,MAYAGUEZ,PUERTO RICO,9.0
0.7377035,-1.2544677,42.2673,-71.8757,NORTH CENTRAL STATE,SMITHFIELD,USA,135.0
0.7516121,-1.8929841,43.0642,-108.46,NATRONA CO INTERNATIONAL,CASPER,USA,1631.0
0.9728517,0.1597287,55.7403,9.1518,BILLUND,BILLUND,DENMARK,76.0
0.7566369000000001,1.3446103,43.3521,77.0405,ALMATY,ALMA-ATA,KAZAKHSTAN,681.0
0.8970416999999999,-0.0583521,51.3967,-3.3433,CARDIFF,CARDIFF,WALES,68.0
1.1673582,-2.8378879,66.8847,-162.599,RALPH WIEN MEM,KOTZEBUE,USA,4.0
0.3177337,-1.1005191,18.2048,-63.0551,WALLBLAKE,THE VALLEY,ANGUILLA ISL.,32.0
0.43452879999999994,0.9627479,24.8967,55.1614,DUBAI INTERNATIONAL,DUBAI,UNITED ARAB EMIRATES,11.0
1.0079276,-2.6615224,57.75,-152.494,KODIAK,KODIAK,USA,23.0
0.0777157,-1.3223731,4.4528,-75.7664,EL EDEN,ARMENIA,COLOMBIA,1219.0
0.6779243,-1.7326442,38.8422,-99.2732,GARDEN CITY RGNL,GARDEN CITY,USA,881.0
0.6032887,1.2079826,34.5659,69.2123,KABUL INTERNATIONAL,KABUL,AFGHANISTAN,1792.0
-0.4468092000000001,-0.9509426999999999,-25.6003,-54.485,CATARATAS INTERNATIONAL,FOZ DO IGUACU,BRAZIL,240.0
0.46679350000000003,-1.3507329,26.7453,-77.3913,TREASURE CAY,TREASURE CAY,BAHAMAS,4.0
-0.3565743,1.0067688,-20.4302,57.6836,SIR SEEWOOSAGUR RAMGOOLAM INTERNATIONAL,PLAISANCE,MAURITIUS,57.0
0.446251,-1.8048625,25.5683,-103.411,TORREON INTERNATIONAL,TORREON,MEXICO,1126.0
0.3343719,-1.7169047999999998,19.1581,-98.3714,HERMANOS SERDAN INTERNATIONAL,PUEBLA,MEXICO,2250.0
0.9630674000000001,-2.0749346999999996,55.1797,-118.885,GRANDE PRAIRIE,GRANDE PRAIRIE,CANADA,670.0
-0.2675729,0.4965916,-15.3308,28.4526,LUSAKA INTERNATIONAL,LUSAKA,ZAMBIA,1152.0
0.7062911000000001,0.8734796999999999,40.4675,50.0467,BINA,BAKU,RUSSIA,4.0
0.7909151999999999,-1.1500026,45.3161,-65.8903,SAINT JOHN,ST. JOHN,CANADA,109.0
0.8056684000000001,-1.0480318000000002,46.1614,-60.0478,SYDNEY,SYDNEY,CANADA,62.0
0.3951303,1.9863766,22.6393,113.811,BAOAN,SHENZHEN,CHINA,4.0
0.6510602,-1.8959162,37.303,-108.628,FOUR CORNERS RGNL,FARMINGTON,USA,1679.0
0.8588905000000001,-1.0016689,49.2108,-57.3914,DEER LAKE,DEER LAKE,CANADA,22.0
0.232792,-0.2906357,13.338,-16.6522,BANJUL INTERNATIONAL,BANJUL,GAMBIA,29.0
0.7258266,-1.4627221000000001,41.5868,-83.8078,WILLOW RUN,DETROIT,USA,219.0
0.48946890000000004,-0.2892447,28.0445,-16.5725,TENERIFE SUR,TENERIFE,CANARY ISLANDS,64.0
0.6012153,1.8980804,34.4471,108.752,XIANYANG,XI'AN,CHINA,480.0
0.3898402,1.2780401000000001,22.3362,73.2263,VADODARA,BARODA,INDIA,39.0
0.6048351,-1.9620991,34.6545,-112.42,ERNEST A LOVE FLD,PRESCOTT,USA,1538.0
0.42104670000000005,-1.8243578,24.1242,-104.528,DURANGO INTERNATIONAL,DURANGO,MEXICO,1860.0
0.7799596999999999,-1.9393749,44.6884,-111.118,HELENA RGNL,HELENA,USA,1182.0
0.6800797,2.1212557,38.9657,121.539,ZHOUSHUIZI,DALIAN,CHINA,33.0
0.7036486999999999,-1.3759111000000002,40.3161,-78.8339,ALTOONA BLAIR CO,ALTOONA,USA,459.0
0.5186979,1.8612540000000002,29.7192,106.642,JIANGBEI,CHONGQING,CHINA,417.0
0.8745845,0.384304,50.11,22.019,JASIONKA,RZESZOW,POLAND,211.0
0.6683285,0.47397910000000004,38.2924,27.157,ADNAN MENDERES,IZMIR,TURKEY,126.0
0.09245249999999999,1.7501638,5.2971,100.277,PENANG INTERNATIONAL,PENANG,MALAYSIA,4.0
0.6590957,-1.7447288,37.7634,-99.9656,GARDEN CITY RGNL,GARDEN CITY,USA,881.0
-0.2699518,-1.2244916000000001,-15.4671,-70.1582,JULIACA,JULIACA,PERU,3825.0
0.4413013,-1.3322273,25.2847,-76.331,GOVERNORS HARBOUR,GOVERNOR'S HARBOR,BAHAMAS,5.0
0.1571981,0.1267662,9.0068,7.2632,ABUJA NNAMDI AZIKIWE INTERNATIONAL,ABUJA,NIGERIA,343.0
0.8341504999999999,0.2269679,47.7933,13.0043,SALZBURG,SALZBURG,AUSTRIA,431.0
0.1243809,-1.2773157,7.1265,-73.1848,PALONEGRO,BUCARAMANGA,COLOMBIA,1188.0
0.1666404,1.7464113,9.5478,100.062,SAMUI,SURAT THANI,THAILAND,20.0
0.6533658,0.44240779999999996,37.4351,25.3481,MIKONOS,MYKONOS,GREECE,124.0
0.7177876,-1.7572672999999999,41.1262,-100.684,LINCOLN MUNI,LINCOLN,USA,372.0
0.8924356999999999,0.240283,51.1328,13.7672,DRESDEN,DRESDEN,GERMANY,231.0
0.19437379999999999,1.3256701000000002,11.1368,75.9553,CALICUT,CALICUT,INDIA,101.0
0.7033048000000001,-1.3669419,40.2964,-78.32,ALTOONA BLAIR CO,ALTOONA,USA,459.0
-0.40155490000000005,-0.8226522,-23.0074,-47.1345,VIRACOPOS,CAMPINAS,BRAZIL,662.0
0.6167941,0.4394791,35.3397,25.1803,NIKOS KAZANTZAKIS,HERAKLION,GREECE,36.0
0.10761019999999999,0.0218953,6.1656,1.2545,LOME TOKOIN,LOME,TOGO,22.0
0.8556529,-2.1356023,49.0253,-122.361,ABBOTSFORD,ABBOTSFORD,CANADA,58.0
0.5540024,2.0745332,31.742,118.862,LU KOU AIRPORT,NANJING,CHINA,15.0
0.42837359999999997,2.0617224999999997,24.544,118.128,GAOQI,XIAMEN,CHINA,18.0
0.7308392,-1.8080913,41.874,-103.596,CHEYENNE,CHEYENNE,USA,1877.0
0.7995336,0.3724166,45.8099,21.3379,GIARMATA,TIMISOARA,ROMANIA,107.0
0.18907179999999998,2.1379124,10.833,122.4934,ILOILO,ILOILO,PHILIPPINES,9.0
0.2340609,1.8118787,13.4107,103.813,SIEM REAP,SIEM-REAP,CAMBODIA,19.0
0.6460232,-0.13903139999999997,37.0144,-7.9659,FARO,FARO,ACORES,8.0
0.6440038,0.5375701999999999,36.8987,30.8005,ANTALYA,ANTALYA,TURKEY,54.0
0.6988159,-1.5407435,40.0392,-88.2781,TERRE HAUTE INTERNATIONAL HULMAN FLD,TERRE HAUTE,USA,180.0
0.6587152,-1.6081586,37.7416,-92.1407,WAYNESVILLE RGNL ARPT AT FORNEY FLD,FORT LEONARDWOOD,USA,354.0
0.570597,-1.4599540000000002,32.6928,-83.6492,MIDDLE GEORGIA RGNL,MACON,USA,108.0
0.18808370000000002,2.1470168,10.7764,123.015,BACOLOD,BACOLOD,PHILIPPINES,8.0
0.43222209999999994,-1.8757926,24.7645,-107.475,CULIACAN INTERNATIONAL,CULIACAN,MEXICO,33.0
0.6507407,-2.1033661,37.2847,-120.514,CASTLE,MERCED,USA,58.0
-0.0240725,-0.8460709999999999,-1.3793,-48.4763,VAL DE CAES,BELEM,BRAZIL,17.0
1.0572001,-2.6397231,60.5731,-151.245,KENAI MUNI,KENAI,USA,31.0
0.5656839,-1.7397773999999997,32.4113,-99.6819,ABILENE RGNL,ABILENE,USA,546.0
0.7364487,-1.5550395000000001,42.1954,-89.0972,DU PAGE,WEST CHICAGO,USA,232.0
0.4361997,1.7932211,24.9924,102.744,WUJIABA,KUNMING,CHINA,1895.0
0.9405475000000001,-2.1411525,53.8894,-122.679,PRINCE GEORGE,PRINCE GEORGE,CANADA,691.0
0.9149190999999999,0.2936743,52.421,16.8263,LAWICA,POZNAN,POLAND,94.0
0.5022639,-1.4178619,28.7776,-81.2375,EXECUTIVE,ORLANDO,USA,35.0
0.1671483,-0.2375742,9.5769,-13.612,FRIA,FIRA,GUINEA,152.0
0.4919943,1.9760618000000003,28.1892,113.22,HUANGHUA,CHANGCHA,CHINA,67.0
0.6595128,-1.4158844,37.7873,-81.1242,ELKINS RANDOLPH CO JENNINGS RANDOLPH,ELKINS,USA,606.0
0.2800189,1.8884288,16.0439,108.199,DANANG INTERNATIONAL,DANANG,VIET NAM,11.0
0.6465433,-1.7620843999999998,37.0442,-100.96,GARDEN CITY RGNL,GARDEN CITY,USA,881.0
0.737084,-0.1505655,42.2318,-8.6268,VIGO,VIGO,SPAIN,261.0
0.6824813,-1.4733826,39.1033,-84.4186,CINCINNATI MUNI LUNKEN FLD,CINCINNATI,USA,148.0
0.203844,2.1358641,11.6794,122.376,KALIBO,KALIBO,PHILIPPINES,13.0
0.3243188,1.2901421999999998,18.5821,73.9197,PUNE,PUNE,INDIA,592.0
0.7735404,-1.2181927,44.3206,-69.7973,AUGUSTA STATE,AUGUSTA,USA,108.0
-0.4915615,2.6791678,-28.1644,153.505,GOLD COAST COOLANGATTA,COOLANGATTA,AUSTRALIA,7.0
0.3172677,2.1036802000000003,18.1781,120.532,VIGAN,VIGAN,PHILIPPINES,11.0
0.7393109999999999,0.336009,42.3594,19.2519,PODGORICA,PODGORICA,YUGOSLAVIA,37.0
-0.7857664000000001,2.9450511,-45.0211,168.739,QUEENSTOWN,QUEENSTOWN INTERNATIONAL,NEW ZEALAND,357.0
0.6775036999999999,-1.6095356,38.8181,-92.2196,COLUMBIA RGNL,COLUMBIA,USA,271.0
0.3891456,-1.7080821,22.2964,-97.8659,GENERAL FRANCISCO JAVIER MINA INTERNATIONAL,TAMPICO,MEXICO,25.0
0.215604,-0.0263967,12.3532,-1.5124,OUAGADOUGOU,OUAGADOUGOU,BURKINA FASO,317.0
0.6764024000000001,-1.9155861,38.755,-109.755,DURANGO LA PLATA CO,DURANGO,USA,2038.0
0.13836220000000002,-1.2655644,7.9276,-72.5115,CAMILO DAZA,CUCUTA,COLOMBIA,335.0
0.266894,0.6791199,15.2919,38.9107,MEKELE,MAKALE,ETHIOPIA,2232.0
0.17003210000000002,2.0727356,9.7421,118.759,PUERTO PRINCESA,PUERTO PRINCESA,PHILIPPINES,22.0
0.7998408,0.2351343,45.8275,13.4722,RONCHI DEI LEGIONARI,RONCHI DE LEGIONARI,ITALY,12.0
0.8809427,0.3330088,50.4743,19.08,PYRZOWICE,KATOWICE,POLAND,304.0
0.6064199,-1.5290864,34.7453,-87.6102,REDSTONE AAF,REDSTONE,USA,209.0
0.8849203999999999,-2.1021444,50.7022,-120.444,KAMLOOPS,KAMLOOPS,CANADA,346.0
0.2890894,-1.6235488999999999,16.5636,-93.0225,FRANCISCO SARABIA,TUXTLA GUTIERREZ,MEXICO,1052.0
0.7838972,-1.6956693999999999,44.914,-97.1547,HURON RGNL,HURON,USA,393.0
0.7746679,-1.7144108,44.3852,-98.2285,HURON RGNL,HURON,USA,393.0
-0.050430800000000005,-1.3785378000000001,-2.8895,-78.9844,MARISCAL LAMAR,CUENCA,ECUADOR,2525.0
0.6587082,-0.448513,37.7412,-25.6979,PONTA DELGADA,PONTA DELGADA,ACORES,79.0
0.30029609999999995,-1.0923999,17.2057,-62.5899,VANCE WINKWORTH AMORY INTERNATIONAL,CHARLESTOWN,ST. KITTS & NEVIS,5.0
0.8137598,-1.4102068,46.625,-80.7989,SUDBURY,SUDBURY,CANADA,348.0
0.7357156,-1.3833131,42.1534,-79.258,BUFFALO NIAGARA INTERNATIONAL,BUFFALO,USA,221.0
-0.2731946,-0.9794212,-15.6529,-56.1167,MARECHAL RONDON,CUIABA,BRAZIL,188.0
0.5843868,-1.5879983999999998,33.4829,-90.9856,GREENWOOD LEFLORE,GREENWOOD,USA,50.0
1.0275923,0.09839780000000001,58.8767,5.6378,STAVANGER SOLA,STAVANGER,NORWAY,9.0
-0.07654580000000001,0.2695591,-4.3858,15.4446,KINSHASA NDJILI INTERNATIONAL,KINSHASA,ZAIRE,314.0
0.7614191,-1.2619463,43.6261,-72.3042,EDWARD F KNAPP STATE,MONTPELIER,USA,356.0
0.9903539000000001,1.0612073,56.7431,60.8027,KOLTSOVO,SVERDLOVSK,RUSSIA,233.0
0.6533621999999999,-1.8477276999999999,37.4349,-105.867,PUEBLO MEM,PUEBLO MEMORIAL,USA,1441.0
0.8350196,1.8634357,47.8431,106.767,BUYANT UKHAA,ULAN BATOR,MONGOLIA,1331.0
0.1925098,1.3446611000000002,11.03,77.0434,COIMBATORE,COIMBATORE,INDIA,403.0
-0.32806779999999996,0.8286614,-18.7969,47.4788,ANTANANARIVO IVATO,ANTANANARIVO,MADAGASCAR,1280.0
-0.0079196,-1.5754371999999999,-0.4538,-90.2659,SEYMOUR,GALAPAGOS,GALAPAGOS I. (ECUADOR,16.0
0.06497090000000001,0.2016431,3.7226,11.5533,YAOUNDE,YAOUNDE,CAMEROON,752.0
-0.7182239,-1.2419327,-41.1512,-71.1575,SAN CARLOS DE BARILOCHE,SAN CARLOS DE BARILOCH,ARGENTINA,847.0
-0.3923483,0.30492470000000005,-22.4799,17.4709,NGIVA,N'GIVA,ANGOLA,1087.0
0.7605481,0.06916760000000001,43.5762,3.963,MEDITERRANEE,MONTPELLIER,FRANCE,6.0
0.5521541,-1.8575365000000001,31.6361,-106.429,ABRAHAM GONZALEZ INTERNATIONAL,CIUDAD JUAREZ,MEXICO,1172.0
0.6024824000000001,1.9869003,34.5197,113.841,XINZHENG,ZHENGZHOU,CHINA,151.0
0.8976646999999999,0.2136562,51.4324,12.2416,LEIPZIG HALLE,LEIPZIG,GERMANY,142.0
0.7186969,-1.377042,41.1783,-78.8987,ALTOONA BLAIR CO,ALTOONA,USA,459.0
-0.3150895,-1.2265441000000001,-18.0533,-70.2758,CORONEL FAP CARLOS CIRIANI SANTA ROSA,TACNA,PERU,469.0
0.1771463,-1.1855742,10.1497,-67.9284,ARTURO MICHELENA INTERNATIONAL,VALENCIA,VENEZUELA,431.0
0.3092933,1.4525416000000002,17.7212,83.2245,JEYPORE,JEYPORE,INDIA,182.0
0.8561707000000001,-2.1619368999999997,49.055,-123.8699,NANAIMO,NANAIMO,CANADA,29.0
0.7272665,-1.2266244,41.6693,-70.2804,OTIS ANGB,FALMOUTH,USA,40.0
0.6490653000000001,-0.06592739999999998,37.1887,-3.7774,GRANADA,GRANADA,SPAIN,567.0
0.254661,-1.0647067,14.591,-61.0032,LE LAMENTIN,FORT-DE-FRANCE,ANTILLES,5.0
0.4020261,-1.4213142,23.0344,-81.4353,JUAN GUALBERTO GOMEZ INTERNATIONAL,VARADERO,CUBA,65.0
-0.6162217,2.6039441,-35.3069,149.195,CANBERRA,CANBERRA,AUSTRALIA,576.0
0.3141069,-1.6199691999999999,17.997,-92.8174,C P A CARLOS ROVIROSA INTERNATIONAL,VILLAHERMOSA,MEXICO,14.0
0.6586890000000001,-1.5213477,37.7401,-87.1668,GODMAN AAF,FORT KNOX,USA,231.0
-0.062003300000000004,-1.4029201,-3.5525,-80.3814,PEDRO CANGA,TUMBES,PERU,26.0
-0.0815826,0.9690382,-4.6743,55.5218,SEYCHELLES INTERNATIONAL,MAHE,SEYCHELLES,4.0
0.5583283,0.7750015,31.9899,44.4043,SADDAM INTERNATIONAL,BAGHDAD,IRAQ,35.0
0.5517213000000001,-1.6969922999999998,31.6113,-97.2305,WACO RGNL,WACO,USA,158.0
0.7426636999999999,-1.6439708999999998,42.5515,-94.1926,FORT DODGE RGNL,FORT DODGE,USA,353.0
0.6790273,0.2834816,38.9054,16.2423,LAMEZIA TERME,LAMEZIA,ITALY,13.0
0.6153943000000001,-1.9885933,35.2595,-113.938,MC CARRAN INTERNATIONAL,LAS VEGAS,USA,665.0
1.0901815000000001,-1.9973547999999999,62.4628,-114.44,YELLOWKNIFE,YELLOWKNIFE,CANADA,206.0
-0.16599489999999997,-0.624683,-9.5108,-35.7917,ZUMBI DOS PALMARES,MACEIO,BRAZIL,118.0
0.7557642,-0.1462108,43.3021,-8.3773,A CORUNA,LA CORUNA,SPAIN,101.0
0.7465681,2.4729919,42.7752,141.692,CHITOSE INTERNATIONAL AIRPORT,SAPPORO,JAPAN,25.0
-0.15460770000000001,0.23092800000000002,-8.8584,13.2312,LUANDA 4 DE FEVEREIRO,LUANDA,ANGOLA,75.0
0.6831393,-1.6872237,39.141,-96.6708,MARSHALL AAF,FORT RILEY,USA,325.0
-0.9250699,-1.236646,-53.0026,-70.8546,CARLOS IBANEZ DEL CAMPO INTERNATIONAL,PUNTA ARENAS,CHILE,43.0
0.8229786,-0.0281125,47.1532,-1.6107,NANTES ATLANTIQUE,NANTES,FRANCE,28.0
0.6444821,-1.9451345000000002,36.9261,-111.448,CEDAR CITY RGNL,CEDAR CITY,USA,1714.0
0.3865834,1.9825544999999998,22.1496,113.592,MACAU INTERNATIONAL,MACAU,MACAU,7.0
0.7597313,-1.2732107,43.5294,-72.9496,EDWARD F KNAPP STATE,MONTPELIER,USA,356.0
0.21875079999999997,-0.1387526,12.5335,-7.9499,BAMAKO SENOU,BAMAKO,MALI,381.0
0.5276043,2.1019697999999996,30.2295,120.434,XIAOSHAN,HANGZHOU,CHINA,8.0
0.3124907,-1.0968278,17.9044,-62.8436,GUSTAVIA/ST.BARTHEL,ST.-BARTHELEMY,ANTILLES,16.0
0.1842755,-1.2518873,10.5582,-71.7279,LA CHINITA INTERNATIONAL,MARACAIBO,VENEZUELA,72.0
0.960151,1.4425268999999998,55.0126,82.6507,BARNAUL,BARNAUL,RUSSIA,256.0
0.4871598,2.1092652999999997,27.9122,120.852,MATSU,MATSU,TAIWAN,13.0
0.3945893,1.8879575000000002,22.6083,108.172,WUXU,NANNING,CHINA,129.0
0.5396156999999999,0.5183,30.9177,29.6964,ALEXANDRIA INTERNATIONAL,ALEXANDRIA,EGYPT,-1.0
0.9964565999999999,0.17190170000000002,57.0928,9.8492,AALBORG,AALBORG,DENMARK,4.0
0.8201494,0.2694719,46.9911,15.4396,GRAZ,GRAZ,AUSTRIA,340.0
0.6413142,-0.10576889999999999,36.7446,-6.0601,JEREZ,JEREZ,SPAIN,29.0
0.7342932,-1.2255946000000002,42.0719,-70.2214,OTIS ANGB,FALMOUTH,USA,40.0
0.6798215,-1.6696447,38.9509,-95.6636,FORBES FLD,TOPEKA,USA,329.0
0.7058268,-1.9113101000000003,40.4409,-109.51,SALT LAKE CITY INTERNATIONAL,SALT LAKE CITY,USA,1289.0
0.5706859999999999,-0.2927703,32.6979,-16.7745,PORTO SANTO,PORTO SANTO,MADEIRA,104.0
0.8326425,-1.8185109,47.7069,-104.193,SLOULIN FLD INTERNATIONAL,WILLISTON,USA,605.0
-0.3572462,-0.9542151,-20.4687,-54.6725,CAMPO GRANDE,CAMPO GRANDE,BRAZIL,559.0
0.34360300000000005,-1.3942178,19.687,-79.8828,GERRARD SMITH INTERNATIONAL,CAYMAN BARAC,CAYMAN ISLANDS,3.0
0.7860038,0.6836542,45.0347,39.1705,PASHKOVSKY,KRASNODAR,RUSSIA,36.0
0.8471530999999999,0.13313770000000003,48.5383,7.6282,ENTZHEIM,STRASSBOURG,FRANCE,154.0
0.8248460999999999,0.1979901,47.2602,11.344,INNSBRUCK,INNSBRUCK,AUSTRIA,581.0
0.2638763,2.5434509,15.119,145.729,SAIPAN INTERNATIONAL,SAIPAN,MARIANA ISLANDS,66.0
-0.1288023,1.9685044999999999,-7.3798,112.787,JUANDA,SURABAYA,INDONESIA,3.0
-0.6620767,-1.0048436,-37.9342,-57.5733,MAR DEL PLATA,MAR DEL PLATA,ARGENTINA,23.0
0.27011240000000003,0.7717794,15.4763,44.2197,JAZAN,GIZAN,SAUDI ARABIA,7.0
0.4285377,0.6929847,24.5534,39.7051,PRINCE MOHAMMAD BIN ABDULAZIZ,MADINAH,SAUDI ARABIA,656.0
-0.747631,2.5745351000000003,-42.8361,147.51,HOBART,HOBART,AUSTRALIA,4.0
-0.4072481,-0.8923886000000001,-23.3336,-51.1301,LONDRINA,LONDRINA,BRAZIL,570.0
1.0595823999999998,-2.3573638999999997,60.7096,-135.067,WHITEHORSE INTERNATIONAL,WHITEHORSE,CANADA,707.0
-0.1246022,-1.3698985000000001,-7.1392,-78.4894,MAJ GEN FAP ARMANDO REVOREDO IGLESIAS,CAJAMARCA,PERU,2619.0
0.7486816999999999,-0.1468719,42.8963,-8.4151,SANTIAGO,SANTIAGO,SPAIN,370.0
0.1109546,0.0416148,6.3572,2.3844,COTONOU CADJEHOUN,COTONOU,BENIN,6.0
-0.1462226,-1.3015671,-8.3779,-74.5743,CAP FAP DAVID AVENZUR RENGIFO,PUCALLPA,PERU,157.0
-0.28690770000000004,-0.6820903,-16.4386,-39.0809,CARAVELAS,CARAVELAS,BRAZIL,11.0
-0.4285691,0.4523579000000001,-24.5552,25.9182,SIR SERETSE KHAMA INTERNATIONAL,GABERONE,BOTSWANA,1006.0
-0.44920059999999995,-0.9507402,-25.7373,-54.4734,CATARATAS DEL IGUAZU,IGUAZU FALLS,ARGENTINA,280.0
0.8676171,-2.1796894,49.7108,-124.887,COMOX,COMOX,CANADA,26.0
-0.1247183,-0.6099684,-7.1458,-34.9486,INTL. PRES. CASTRO PINTO,JOAO PESSOA,BRAZIL,502.0
0.5492045,-1.5592264999999998,31.4671,-89.3371,JACKSON INTERNATIONAL,JACKSON,USA,106.0
0.1036239,2.0254721,5.9372,116.051,KOTA KINABALU INTERNATIONAL,KOTA KINABALU,MALAYSIA,4.0
0.4681706,1.3231725,26.8242,75.8122,JAIPUR,JAIPUR,INDIA,385.0
0.5035729,-1.6915470000000001,28.8526,-96.9185,PALACIOS MUNI,PALACIOS,USA,5.0
-0.22014879999999998,-1.208267,-12.6136,-69.2286,PADRE ALDAMIZ,PUERTO MALDONADO,PERU,201.0
0.0951698,-0.9632088,5.4528,-55.1878,JOHAN A PENGEL INTERNATIONAL,ZANDERY,SURINAM,18.0
0.6589491,-1.5535368,37.755,-89.0111,SCOTT AFB MIDAMERICA,BELLEVILLE,USA,140.0
0.8439924000000001,0.6126210999999999,48.3572,35.1006,DNIPROPETROVSK,DNEPROPETROVSK,RUSSIA,147.0
0.7515614,1.2998793,43.0613,74.4776,MANAS,BISHKEK,RUSSIA,638.0
0.906819,0.0774441,51.9569,4.4372,ROTTERDAM,ROTTERDAM,NETHERLANDS,-4.0
1.0608076000000002,-2.8246059,60.7798,-161.838,BETHEL,BETHEL,USA,38.0
